成分A,成分B,相互作用レベル,説明,出典,pmda_updated_at,interaction_id
ACE阻害薬,アスピリン,中,腎機能障害のリスク増加,,,
ジクロフェナク,リチウム,中,リチウム中毒のリスク増加,,,
カフェイン,テオフィリン,中,テオフィリン中毒のリスク増加,,,
カフェイン,リチウム,低,リチウムの効果減弱,,,
MAO阻害薬,エフェドリン,高,重篤な血圧上昇・不整脈のリスク,,,
エフェドリン,ベータ遮断薬,中,血圧上昇・心拍数の変動,,,
エフェドリン,ジゴキシン,中,ジゴキシン中毒のリスク増加,,,
MAO阻害薬,プソイドエフェドリン,高,重篤な血圧上昇・不整脈のリスク,,,
プソイドエフェドリン,ベータ遮断薬,中,血圧上昇・心拍数の変動,,,
ジゴキシン,プソイドエフェドリン,中,ジゴキシン中毒のリスク増加,,,
アルコール,クロルフェニラミン,中,眠気・注意力低下の増強,,,
クロルフェニラミン,ベンゾジアゼピン,中,眠気・注意力低下の増強,,,
オピオイド,クロルフェニラミン,中,呼吸抑制のリスク増加,,,
アルコール,ジフェンヒドラミン,中,眠気・注意力低下の増強,,,
ジフェンヒドラミン,ベンゾジアゼピン,中,眠気・注意力低下の増強,,,
オピオイド,ジフェンヒドラミン,中,呼吸抑制のリスク増加,,,
ケトコナゾール,ロラタジン,中,ロラタジンの血中濃度上昇,,,
ケトコナゾール,セチリジン,中,セチリジンの血中濃度上昇,,,
アルコール,フマル酸ケトチフェン,低,眠気の軽度増強,,,
アルコール,オキサトミド,低,眠気の軽度増強,,,
ベクロメタゾン,ワーファリン,低,出血リスクの軽度増加,,,
フルチカゾン,ワーファリン,低,出血リスクの軽度増加,,,
モメタゾン,ワーファリン,低,出血リスクの軽度増加,,,
MAO阻害薬,オキシメタゾリン,中,血圧上昇のリスク増加,,,
オキシメタゾリン,ベータ遮断薬,低,血圧上昇の軽度リスク,,,
MAO阻害薬,ナファゾリン,中,血圧上昇のリスク増加,,,
ナファゾリン,ベータ遮断薬,低,血圧上昇の軽度リスク,,,
MAO阻害薬,テトラヒドロゾリン,中,血圧上昇のリスク増加,,,
テトラヒドロゾリン,ベータ遮断薬,低,血圧上昇の軽度リスク,,,
MAO阻害薬,トラマドール,高,重篤な副作用・セロトニン症候群のリスク,,,
SSRI,トラマドール,高,セロトニン症候群のリスク増加,,,
SNRI,トラマドール,高,セロトニン症候群のリスク増加,,,
MAO阻害薬,コデイン,高,重篤な副作用・セロトニン症候群のリスク,,,
SSRI,コデイン,高,セロトニン症候群のリスク増加,,,
SNRI,コデイン,高,セロトニン症候群のリスク増加,,,
MAO阻害薬,ジヒドロコデイン,高,重篤な副作用・セロトニン症候群のリスク,,,
SSRI,ジヒドロコデイン,高,セロトニン症候群のリスク増加,,,
SNRI,ジヒドロコデイン,高,セロトニン症候群のリスク増加,,,
SNRI,デキストロメトルファン,中,セロトニン症候群のリスク増加,,,
グアイフェネシン,ワーファリン,低,出血リスクの軽度増加,,,
ブロムヘキシン,ワーファリン,低,出血リスクの軽度増加,,,
アンブロキソール,ワーファリン,低,出血リスクの軽度増加,,,
カルボシステイン,ワーファリン,低,出血リスクの軽度増加,,,
アセチルシステイン,ワーファリン,低,出血リスクの軽度増加,,,
MAO阻害薬,メチルエフェドリン,高,重篤な血圧上昇・不整脈のリスク,,,
ベータ遮断薬,メチルエフェドリン,中,血圧上昇・心拍数の変動,,,
ジゴキシン,メチルエフェドリン,中,ジゴキシン中毒のリスク増加,,,
MAO阻害薬,フェニレフリン,高,重篤な血圧上昇・不整脈のリスク,,,
フェニレフリン,ベータ遮断薬,中,血圧上昇・心拍数の変動,,,
ジゴキシン,フェニレフリン,中,ジゴキシン中毒のリスク増加,,,
アルコール,マレイン酸クロルフェニラミン,中,眠気・注意力低下の増強,,,
アルコール,マレイン酸カルビノキサミン,中,眠気・注意力低下の増強,,,
アルコール,フマル酸クレマスチン,中,眠気・注意力低下の増強,,,
アルコール,塩酸プロメタジン,高,重篤な眠気・呼吸抑制のリスク,,,
ベンゾジアゼピン,塩酸プロメタジン,高,重篤な眠気・呼吸抑制のリスク,,,
オピオイド,塩酸プロメタジン,高,重篤な呼吸抑制のリスク,,,
MAO阻害薬,塩酸トリメトキノール,中,血圧上昇のリスク増加,,,
MAO阻害薬,塩酸メトキシフェナミン,中,血圧上昇のリスク増加,,,
MAO阻害薬,塩酸メチルエフェドリン,高,重篤な血圧上昇・不整脈のリスク,,,
ベンゾジアゼピン,硫酸アトロピン,中,眠気・注意力低下の増強,,,
オピオイド,硫酸アトロピン,中,便秘・排尿困難の増強,,,
ベンゾジアゼピン,臭化ブチルスコポラミン,低,眠気の軽度増強,,,
オピオイド,臭化ブチルスコポラミン,低,便秘の軽度増強,,,
アルコール,塩酸パパベリン,低,眠気の軽度増強,,,
アルコール,塩酸ジフェンヒドラミン,中,眠気・注意力低下の増強,,,
アスピリン,イブプロフェンピコノール,高,出血リスク増加・胃腸障害の悪化,PMDA-derived catalog expansion,,
アスピリンアルミニウム,イブプロフェン,高,出血リスク増加・胃腸障害の悪化,PMDA-derived catalog expansion,,
アスピリンアルミニウム,イブプロフェンピコノール,高,出血リスク増加・胃腸障害の悪化,PMDA-derived catalog expansion,,
イブプロフェンピコノール,リチウム,中,リチウム中毒のリスク増加,PMDA-derived catalog expansion,,
アセトアミノフェン,エチルアルコール,中,肝障害のリスク増加,PMDA-derived catalog expansion,,
アセトアミノフェン,ステアリルアルコール,中,肝障害のリスク増加,PMDA-derived catalog expansion,,
アスピリンアルミニウム,メトトレキサート,高,メトトレキサート中毒のリスク増加,PMDA-derived catalog expansion,,
ACE阻害薬,アスピリンアルミニウム,中,腎機能障害のリスク増加,PMDA-derived catalog expansion,,
リチウム,ロキソプロフェンナトリウム水和物,中,リチウム中毒のリスク増加,PMDA-derived catalog expansion,,
ジクロフェナクナトリウム,リチウム,中,リチウム中毒のリスク増加,PMDA-derived catalog expansion,,
dl−メチルエフェドリンサッカリン塩,カフェイン,中,動悸・不眠・血圧上昇の増強,PMDA-derived catalog expansion,,
dl−メチルエフェドリンサッカリン塩,カフェイン水和物,中,動悸・不眠・血圧上昇の増強,PMDA-derived catalog expansion,,
dl−メチルエフェドリンサッカリン塩,クエン酸カフェイン,中,動悸・不眠・血圧上昇の増強,PMDA-derived catalog expansion,,
dl−メチルエフェドリンサッカリン塩,安息香酸ナトリウムカフェイン,中,動悸・不眠・血圧上昇の増強,PMDA-derived catalog expansion,,
dl−メチルエフェドリンサッカリン塩,無水カフェイン,中,動悸・不眠・血圧上昇の増強,PMDA-derived catalog expansion,,
dl−メチルエフェドリン塩酸塩,カフェイン,中,動悸・不眠・血圧上昇の増強,PMDA-derived catalog expansion,,
dl−メチルエフェドリン塩酸塩,カフェイン水和物,中,動悸・不眠・血圧上昇の増強,PMDA-derived catalog expansion,,
dl−メチルエフェドリン塩酸塩,クエン酸カフェイン,中,動悸・不眠・血圧上昇の増強,PMDA-derived catalog expansion,,
dl−メチルエフェドリン塩酸塩,安息香酸ナトリウムカフェイン,中,動悸・不眠・血圧上昇の増強,PMDA-derived catalog expansion,,
dl−メチルエフェドリン塩酸塩,無水カフェイン,中,動悸・不眠・血圧上昇の増強,PMDA-derived catalog expansion,,
dl−塩酸メチルエフェドリン,カフェイン,中,動悸・不眠・血圧上昇の増強,PMDA-derived catalog expansion,,
dl−塩酸メチルエフェドリン,カフェイン水和物,中,動悸・不眠・血圧上昇の増強,PMDA-derived catalog expansion,,
dl−塩酸メチルエフェドリン,クエン酸カフェイン,中,動悸・不眠・血圧上昇の増強,PMDA-derived catalog expansion,,
dl−塩酸メチルエフェドリン,安息香酸ナトリウムカフェイン,中,動悸・不眠・血圧上昇の増強,PMDA-derived catalog expansion,,
dl−塩酸メチルエフェドリン,無水カフェイン,中,動悸・不眠・血圧上昇の増強,PMDA-derived catalog expansion,,
エフェドリン,カフェイン水和物,中,動悸・不眠・血圧上昇の増強,PMDA-derived catalog expansion,,
エフェドリン,クエン酸カフェイン,中,動悸・不眠・血圧上昇の増強,PMDA-derived catalog expansion,,
エフェドリン,安息香酸ナトリウムカフェイン,中,動悸・不眠・血圧上昇の増強,PMDA-derived catalog expansion,,
エフェドリン,無水カフェイン,中,動悸・不眠・血圧上昇の増強,PMDA-derived catalog expansion,,
エフェドリン塩酸塩,カフェイン,中,動悸・不眠・血圧上昇の増強,PMDA-derived catalog expansion,,
エフェドリン塩酸塩,カフェイン水和物,中,動悸・不眠・血圧上昇の増強,PMDA-derived catalog expansion,,
エフェドリン塩酸塩,クエン酸カフェイン,中,動悸・不眠・血圧上昇の増強,PMDA-derived catalog expansion,,
エフェドリン塩酸塩,安息香酸ナトリウムカフェイン,中,動悸・不眠・血圧上昇の増強,PMDA-derived catalog expansion,,
エフェドリン塩酸塩,無水カフェイン,中,動悸・不眠・血圧上昇の増強,PMDA-derived catalog expansion,,
カフェイン,プソイドエフェドリン塩酸塩,中,動悸・不眠・血圧上昇の増強,PMDA-derived catalog expansion,,
カフェイン水和物,プソイドエフェドリン塩酸塩,中,動悸・不眠・血圧上昇の増強,PMDA-derived catalog expansion,,
クエン酸カフェイン,プソイドエフェドリン塩酸塩,中,動悸・不眠・血圧上昇の増強,PMDA-derived catalog expansion,,
プソイドエフェドリン塩酸塩,安息香酸ナトリウムカフェイン,中,動悸・不眠・血圧上昇の増強,PMDA-derived catalog expansion,,
プソイドエフェドリン塩酸塩,無水カフェイン,中,動悸・不眠・血圧上昇の増強,PMDA-derived catalog expansion,,
カフェイン,塩酸プソイドエフェドリン,中,動悸・不眠・血圧上昇の増強,PMDA-derived catalog expansion,,
カフェイン水和物,塩酸プソイドエフェドリン,中,動悸・不眠・血圧上昇の増強,PMDA-derived catalog expansion,,
クエン酸カフェイン,塩酸プソイドエフェドリン,中,動悸・不眠・血圧上昇の増強,PMDA-derived catalog expansion,,
塩酸プソイドエフェドリン,安息香酸ナトリウムカフェイン,中,動悸・不眠・血圧上昇の増強,PMDA-derived catalog expansion,,
塩酸プソイドエフェドリン,無水カフェイン,中,動悸・不眠・血圧上昇の増強,PMDA-derived catalog expansion,,
カフェイン水和物,テオフィリン,中,テオフィリン中毒のリスク増加,PMDA-derived catalog expansion,,
クエン酸カフェイン,テオフィリン,中,テオフィリン中毒のリスク増加,PMDA-derived catalog expansion,,
テオフィリン,安息香酸ナトリウムカフェイン,中,テオフィリン中毒のリスク増加,PMDA-derived catalog expansion,,
テオフィリン,無水カフェイン,中,テオフィリン中毒のリスク増加,PMDA-derived catalog expansion,,
カフェイン水和物,リチウム,低,リチウムの効果減弱,PMDA-derived catalog expansion,,
クエン酸カフェイン,リチウム,低,リチウムの効果減弱,PMDA-derived catalog expansion,,
リチウム,安息香酸ナトリウムカフェイン,低,リチウムの効果減弱,PMDA-derived catalog expansion,,
リチウム,無水カフェイン,低,リチウムの効果減弱,PMDA-derived catalog expansion,,
MAO阻害薬,dl−メチルエフェドリンサッカリン塩,高,重篤な血圧上昇・不整脈のリスク,PMDA-derived catalog expansion,,
MAO阻害薬,dl−メチルエフェドリン塩酸塩,高,重篤な血圧上昇・不整脈のリスク,PMDA-derived catalog expansion,,
MAO阻害薬,dl−塩酸メチルエフェドリン,高,重篤な血圧上昇・不整脈のリスク,PMDA-derived catalog expansion,,
MAO阻害薬,エフェドリン塩酸塩,高,重篤な血圧上昇・不整脈のリスク,PMDA-derived catalog expansion,,
MAO阻害薬,プソイドエフェドリン塩酸塩,高,重篤な血圧上昇・不整脈のリスク,PMDA-derived catalog expansion,,
MAO阻害薬,塩酸プソイドエフェドリン,高,重篤な血圧上昇・不整脈のリスク,PMDA-derived catalog expansion,,
dl−メチルエフェドリンサッカリン塩,ベータ遮断薬,中,血圧上昇・心拍数の変動,PMDA-derived catalog expansion,,
dl−メチルエフェドリン塩酸塩,ベータ遮断薬,中,血圧上昇・心拍数の変動,PMDA-derived catalog expansion,,
dl−塩酸メチルエフェドリン,ベータ遮断薬,中,血圧上昇・心拍数の変動,PMDA-derived catalog expansion,,
エフェドリン塩酸塩,ベータ遮断薬,中,血圧上昇・心拍数の変動,PMDA-derived catalog expansion,,
プソイドエフェドリン塩酸塩,ベータ遮断薬,中,血圧上昇・心拍数の変動,PMDA-derived catalog expansion,,
ベータ遮断薬,塩酸プソイドエフェドリン,中,血圧上昇・心拍数の変動,PMDA-derived catalog expansion,,
dl−メチルエフェドリンサッカリン塩,ジゴキシン,中,ジゴキシン中毒のリスク増加,PMDA-derived catalog expansion,,
dl−メチルエフェドリン塩酸塩,ジゴキシン,中,ジゴキシン中毒のリスク増加,PMDA-derived catalog expansion,,
dl−塩酸メチルエフェドリン,ジゴキシン,中,ジゴキシン中毒のリスク増加,PMDA-derived catalog expansion,,
エフェドリン塩酸塩,ジゴキシン,中,ジゴキシン中毒のリスク増加,PMDA-derived catalog expansion,,
ジゴキシン,プソイドエフェドリン塩酸塩,中,ジゴキシン中毒のリスク増加,PMDA-derived catalog expansion,,
ジゴキシン,塩酸プソイドエフェドリン,中,ジゴキシン中毒のリスク増加,PMDA-derived catalog expansion,,
dl−クロルフェニラミンマレイン酸塩,アルコール,中,眠気・注意力低下の増強,PMDA-derived catalog expansion,,
d−クロルフェニラミンマレイン酸塩,アルコール,中,眠気・注意力低下の増強,PMDA-derived catalog expansion,,
アルコール,クロルフェニラミンマレイン酸塩,中,眠気・注意力低下の増強,PMDA-derived catalog expansion,,
dl−クロルフェニラミンマレイン酸塩,エチルアルコール,中,眠気・注意力低下の増強,PMDA-derived catalog expansion,,
d−クロルフェニラミンマレイン酸塩,エチルアルコール,中,眠気・注意力低下の増強,PMDA-derived catalog expansion,,
エチルアルコール,クロルフェニラミン,中,眠気・注意力低下の増強,PMDA-derived catalog expansion,,
エチルアルコール,クロルフェニラミンマレイン酸塩,中,眠気・注意力低下の増強,PMDA-derived catalog expansion,,
エチルアルコール,マレイン酸クロルフェニラミン,中,眠気・注意力低下の増強,PMDA-derived catalog expansion,,
dl−クロルフェニラミンマレイン酸塩,ステアリルアルコール,中,眠気・注意力低下の増強,PMDA-derived catalog expansion,,
d−クロルフェニラミンマレイン酸塩,ステアリルアルコール,中,眠気・注意力低下の増強,PMDA-derived catalog expansion,,
クロルフェニラミン,ステアリルアルコール,中,眠気・注意力低下の増強,PMDA-derived catalog expansion,,
クロルフェニラミンマレイン酸塩,ステアリルアルコール,中,眠気・注意力低下の増強,PMDA-derived catalog expansion,,
ステアリルアルコール,マレイン酸クロルフェニラミン,中,眠気・注意力低下の増強,PMDA-derived catalog expansion,,
dl−クロルフェニラミンマレイン酸塩,ベンゾジアゼピン,中,眠気・注意力低下の増強,PMDA-derived catalog expansion,,
d−クロルフェニラミンマレイン酸塩,ベンゾジアゼピン,中,眠気・注意力低下の増強,PMDA-derived catalog expansion,,
クロルフェニラミンマレイン酸塩,ベンゾジアゼピン,中,眠気・注意力低下の増強,PMDA-derived catalog expansion,,
ベンゾジアゼピン,マレイン酸クロルフェニラミン,中,眠気・注意力低下の増強,PMDA-derived catalog expansion,,
dl−クロルフェニラミンマレイン酸塩,オピオイド,中,呼吸抑制のリスク増加,PMDA-derived catalog expansion,,
d−クロルフェニラミンマレイン酸塩,オピオイド,中,呼吸抑制のリスク増加,PMDA-derived catalog expansion,,
オピオイド,クロルフェニラミンマレイン酸塩,中,呼吸抑制のリスク増加,PMDA-derived catalog expansion,,
オピオイド,マレイン酸クロルフェニラミン,中,呼吸抑制のリスク増加,PMDA-derived catalog expansion,,
アルコール,ジフェンヒドラミンサリチル酸塩,中,眠気・注意力低下の増強,PMDA-derived catalog expansion,,
アルコール,ジフェンヒドラミン塩酸塩,中,眠気・注意力低下の増強,PMDA-derived catalog expansion,,
エチルアルコール,ジフェンヒドラミン,中,眠気・注意力低下の増強,PMDA-derived catalog expansion,,
エチルアルコール,ジフェンヒドラミンサリチル酸塩,中,眠気・注意力低下の増強,PMDA-derived catalog expansion,,
エチルアルコール,ジフェンヒドラミン塩酸塩,中,眠気・注意力低下の増強,PMDA-derived catalog expansion,,
ジフェンヒドラミン,ステアリルアルコール,中,眠気・注意力低下の増強,PMDA-derived catalog expansion,,
ジフェンヒドラミンサリチル酸塩,ステアリルアルコール,中,眠気・注意力低下の増強,PMDA-derived catalog expansion,,
ジフェンヒドラミン塩酸塩,ステアリルアルコール,中,眠気・注意力低下の増強,PMDA-derived catalog expansion,,
ジフェンヒドラミンサリチル酸塩,ベンゾジアゼピン,中,眠気・注意力低下の増強,PMDA-derived catalog expansion,,
ジフェンヒドラミン塩酸塩,ベンゾジアゼピン,中,眠気・注意力低下の増強,PMDA-derived catalog expansion,,
オピオイド,ジフェンヒドラミンサリチル酸塩,中,呼吸抑制のリスク増加,PMDA-derived catalog expansion,,
オピオイド,ジフェンヒドラミン塩酸塩,中,呼吸抑制のリスク増加,PMDA-derived catalog expansion,,
ケトコナゾール,セチリジン塩酸塩,中,セチリジンの血中濃度上昇,PMDA-derived catalog expansion,,
エチルアルコール,フマル酸ケトチフェン,低,眠気の軽度増強,PMDA-derived catalog expansion,,
ステアリルアルコール,フマル酸ケトチフェン,低,眠気の軽度増強,PMDA-derived catalog expansion,,
エチルアルコール,オキサトミド,低,眠気の軽度増強,PMDA-derived catalog expansion,,
オキサトミド,ステアリルアルコール,低,眠気の軽度増強,PMDA-derived catalog expansion,,
ベクロメタゾンプロピオン酸エステル,ワーファリン,低,出血リスクの軽度増加,PMDA-derived catalog expansion,,
フルチカゾンプロピオン酸エステル,ワーファリン,低,出血リスクの軽度増加,PMDA-derived catalog expansion,,
MAO阻害薬,オキシメタゾリン塩酸塩,中,血圧上昇のリスク増加,PMDA-derived catalog expansion,,
オキシメタゾリン塩酸塩,ベータ遮断薬,低,血圧上昇の軽度リスク,PMDA-derived catalog expansion,,
MAO阻害薬,ナファゾリン塩酸塩,中,血圧上昇のリスク増加,PMDA-derived catalog expansion,,
ナファゾリン塩酸塩,ベータ遮断薬,低,血圧上昇の軽度リスク,PMDA-derived catalog expansion,,
MAO阻害薬,テトラヒドロゾリン塩酸塩,中,血圧上昇のリスク増加,PMDA-derived catalog expansion,,
MAO阻害薬,塩酸テトラヒドロゾリン,中,血圧上昇のリスク増加,PMDA-derived catalog expansion,,
テトラヒドロゾリン塩酸塩,ベータ遮断薬,低,血圧上昇の軽度リスク,PMDA-derived catalog expansion,,
ベータ遮断薬,塩酸テトラヒドロゾリン,低,血圧上昇の軽度リスク,PMDA-derived catalog expansion,,
MAO阻害薬,コデインリン酸塩水和物,高,重篤な副作用・セロトニン症候群のリスク,PMDA-derived catalog expansion,,
MAO阻害薬,ジヒドロコデインリン酸塩,高,重篤な副作用・セロトニン症候群のリスク,PMDA-derived catalog expansion,,
MAO阻害薬,リン酸ジヒドロコデイン,高,重篤な副作用・セロトニン症候群のリスク,PMDA-derived catalog expansion,,
SSRI,コデインリン酸塩水和物,高,セロトニン症候群のリスク増加,PMDA-derived catalog expansion,,
SSRI,ジヒドロコデインリン酸塩,高,セロトニン症候群のリスク増加,PMDA-derived catalog expansion,,
SSRI,リン酸ジヒドロコデイン,高,セロトニン症候群のリスク増加,PMDA-derived catalog expansion,,
SNRI,コデインリン酸塩水和物,高,セロトニン症候群のリスク増加,PMDA-derived catalog expansion,,
SNRI,ジヒドロコデインリン酸塩,高,セロトニン症候群のリスク増加,PMDA-derived catalog expansion,,
SNRI,リン酸ジヒドロコデイン,高,セロトニン症候群のリスク増加,PMDA-derived catalog expansion,,
MAO阻害薬,デキストロメトルファンフェノールフタリン塩,高,重篤な副作用・セロトニン症候群のリスク,PMDA-derived catalog expansion,,
MAO阻害薬,デキストロメトルファン臭化水素酸塩水和物,高,重篤な副作用・セロトニン症候群のリスク,PMDA-derived catalog expansion,,
MAO阻害薬,フェノールフタリン酸デキストロメトルファン,高,重篤な副作用・セロトニン症候群のリスク,PMDA-derived catalog expansion,,
SSRI,デキストロメトルファンフェノールフタリン塩,中,セロトニン症候群のリスク増加,PMDA-derived catalog expansion,,
SSRI,デキストロメトルファン臭化水素酸塩水和物,中,セロトニン症候群のリスク増加,PMDA-derived catalog expansion,,
SSRI,フェノールフタリン酸デキストロメトルファン,中,セロトニン症候群のリスク増加,PMDA-derived catalog expansion,,
SNRI,デキストロメトルファンフェノールフタリン塩,中,セロトニン症候群のリスク増加,PMDA-derived catalog expansion,,
SNRI,デキストロメトルファン臭化水素酸塩水和物,中,セロトニン症候群のリスク増加,PMDA-derived catalog expansion,,
SNRI,フェノールフタリン酸デキストロメトルファン,中,セロトニン症候群のリスク増加,PMDA-derived catalog expansion,,
ブロムヘキシン塩酸塩,ワーファリン,低,出血リスクの軽度増加,PMDA-derived catalog expansion,,
アンブロキソール塩酸塩,ワーファリン,低,出血リスクの軽度増加,PMDA-derived catalog expansion,,
L−カルボシステイン,ワーファリン,低,出血リスクの軽度増加,PMDA-derived catalog expansion,,
MAO阻害薬,フェニレフリン塩酸塩,高,重篤な血圧上昇・不整脈のリスク,PMDA-derived catalog expansion,,
フェニレフリン塩酸塩,ベータ遮断薬,中,血圧上昇・心拍数の変動,PMDA-derived catalog expansion,,
ジゴキシン,フェニレフリン塩酸塩,中,ジゴキシン中毒のリスク増加,PMDA-derived catalog expansion,,
エチルアルコール,マレイン酸カルビノキサミン,中,眠気・注意力低下の増強,PMDA-derived catalog expansion,,
ステアリルアルコール,マレイン酸カルビノキサミン,中,眠気・注意力低下の増強,PMDA-derived catalog expansion,,
エチルアルコール,フマル酸クレマスチン,中,眠気・注意力低下の増強,PMDA-derived catalog expansion,,
ステアリルアルコール,フマル酸クレマスチン,中,眠気・注意力低下の増強,PMDA-derived catalog expansion,,
エチルアルコール,塩酸プロメタジン,高,重篤な眠気・呼吸抑制のリスク,PMDA-derived catalog expansion,,
ステアリルアルコール,塩酸プロメタジン,高,重篤な眠気・呼吸抑制のリスク,PMDA-derived catalog expansion,,
MAO阻害薬,メトキシフェナミン塩酸塩,中,血圧上昇のリスク増加,PMDA-derived catalog expansion,,
ベンゾジアゼピン,硫酸ナトリウム,中,眠気・注意力低下の増強,PMDA-derived catalog expansion,,
オピオイド,硫酸ナトリウム,中,便秘・排尿困難の増強,PMDA-derived catalog expansion,,
アルコール,パパベリン塩酸塩,低,眠気の軽度増強,PMDA-derived catalog expansion,,
エチルアルコール,パパベリン塩酸塩,低,眠気の軽度増強,PMDA-derived catalog expansion,,
エチルアルコール,塩酸パパベリン,低,眠気の軽度増強,PMDA-derived catalog expansion,,
ステアリルアルコール,パパベリン塩酸塩,低,眠気の軽度増強,PMDA-derived catalog expansion,,
ステアリルアルコール,塩酸パパベリン,低,眠気の軽度増強,PMDA-derived catalog expansion,,
エチルアルコール,塩酸ジフェンヒドラミン,中,眠気・注意力低下の増強,PMDA-derived catalog expansion,,
ステアリルアルコール,塩酸ジフェンヒドラミン,中,眠気・注意力低下の増強,PMDA-derived catalog expansion,,
2−(4,ワーファリン,高,出血リスクの大幅増加,PMDA catalog pair expansion (review recommended),,
2−(4,リチウム,中,リチウム中毒のリスク増加,PMDA catalog pair expansion (review recommended),,
2−(4,メトトレキサート,高,メトトレキサート中毒のリスク増加,PMDA catalog pair expansion (review recommended),,
2−(4,アスピリン,高,出血リスク増加・胃腸障害の悪化,PMDA catalog pair expansion (review recommended),,
2−(4,ACE阻害薬,中,腎機能障害のリスク増加,PMDA catalog pair expansion (review recommended),,
2−(4,ARB,高,出血リスクの大幅増加,PMDA catalog pair expansion (review recommended),,
2−(4,テオフィリン,中,テオフィリン中毒のリスク増加,PMDA catalog pair expansion (review recommended),,
2−(4,シクロスポリン,高,出血リスクの大幅増加,PMDA catalog pair expansion (review recommended),,
2−(4,フェニトイン,高,出血リスクの大幅増加,PMDA catalog pair expansion (review recommended),,
2−(4,カルバマゼピン,高,出血リスクの大幅増加,PMDA catalog pair expansion (review recommended),,
2−(4,ジゴキシン,中,ジゴキシン中毒のリスク増加,PMDA catalog pair expansion (review recommended),,
2−(4,インスリン,高,出血リスクの大幅増加,PMDA catalog pair expansion (review recommended),,
2−(4,SSRI,高,セロトニン症候群のリスク増加,PMDA catalog pair expansion (review recommended),,
2−(4,MAO阻害薬,高,重篤な血圧上昇・不整脈のリスク,PMDA catalog pair expansion (review recommended),,
2−(4,ベンゾジアゼピン系,高,出血リスクの大幅増加,PMDA catalog pair expansion (review recommended),,
2−(4,降圧薬,高,出血リスクの大幅増加,PMDA catalog pair expansion (review recommended),,
2−(4,クマリン系抗凝血薬,高,出血リスクの大幅増加,PMDA catalog pair expansion (review recommended),,
2−(4,タクロリムス,高,出血リスクの大幅増加,PMDA catalog pair expansion (review recommended),,
2−(4,シクロホスファミド,高,出血リスクの大幅増加,PMDA catalog pair expansion (review recommended),,
2−(4,フルコナゾール,高,出血リスクの大幅増加,PMDA catalog pair expansion (review recommended),,
4 ́−ジアセトキシジフェニルメチル)ピリジン,ワーファリン,高,出血リスクの大幅増加,PMDA catalog pair expansion (review recommended),,
4 ́−ジアセトキシジフェニルメチル)ピリジン,リチウム,中,リチウム中毒のリスク増加,PMDA catalog pair expansion (review recommended),,
4 ́−ジアセトキシジフェニルメチル)ピリジン,メトトレキサート,高,メトトレキサート中毒のリスク増加,PMDA catalog pair expansion (review recommended),,
4 ́−ジアセトキシジフェニルメチル)ピリジン,アスピリン,高,出血リスク増加・胃腸障害の悪化,PMDA catalog pair expansion (review recommended),,
4 ́−ジアセトキシジフェニルメチル)ピリジン,ACE阻害薬,中,腎機能障害のリスク増加,PMDA catalog pair expansion (review recommended),,
4 ́−ジアセトキシジフェニルメチル)ピリジン,ARB,高,出血リスクの大幅増加,PMDA catalog pair expansion (review recommended),,
4 ́−ジアセトキシジフェニルメチル)ピリジン,テオフィリン,中,テオフィリン中毒のリスク増加,PMDA catalog pair expansion (review recommended),,
4 ́−ジアセトキシジフェニルメチル)ピリジン,シクロスポリン,高,出血リスクの大幅増加,PMDA catalog pair expansion (review recommended),,
4 ́−ジアセトキシジフェニルメチル)ピリジン,フェニトイン,高,出血リスクの大幅増加,PMDA catalog pair expansion (review recommended),,
4 ́−ジアセトキシジフェニルメチル)ピリジン,カルバマゼピン,高,出血リスクの大幅増加,PMDA catalog pair expansion (review recommended),,
4 ́−ジアセトキシジフェニルメチル)ピリジン,ジゴキシン,中,ジゴキシン中毒のリスク増加,PMDA catalog pair expansion (review recommended),,
4 ́−ジアセトキシジフェニルメチル)ピリジン,インスリン,高,出血リスクの大幅増加,PMDA catalog pair expansion (review recommended),,
4 ́−ジアセトキシジフェニルメチル)ピリジン,SSRI,高,セロトニン症候群のリスク増加,PMDA catalog pair expansion (review recommended),,
4 ́−ジアセトキシジフェニルメチル)ピリジン,MAO阻害薬,高,重篤な血圧上昇・不整脈のリスク,PMDA catalog pair expansion (review recommended),,
4 ́−ジアセトキシジフェニルメチル)ピリジン,ベンゾジアゼピン系,高,出血リスクの大幅増加,PMDA catalog pair expansion (review recommended),,
4 ́−ジアセトキシジフェニルメチル)ピリジン,降圧薬,高,出血リスクの大幅増加,PMDA catalog pair expansion (review recommended),,
4 ́−ジアセトキシジフェニルメチル)ピリジン,クマリン系抗凝血薬,高,出血リスクの大幅増加,PMDA catalog pair expansion (review recommended),,
4 ́−ジアセトキシジフェニルメチル)ピリジン,タクロリムス,高,出血リスクの大幅増加,PMDA catalog pair expansion (review recommended),,
4 ́−ジアセトキシジフェニルメチル)ピリジン,シクロホスファミド,高,出血リスクの大幅増加,PMDA catalog pair expansion (review recommended),,
4 ́−ジアセトキシジフェニルメチル)ピリジン,フルコナゾール,高,出血リスクの大幅増加,PMDA catalog pair expansion (review recommended),,
5−ジスルホン酸塩,ワーファリン,高,出血リスクの大幅増加,PMDA catalog pair expansion (review recommended),,
5−ジスルホン酸塩,リチウム,中,リチウム中毒のリスク増加,PMDA catalog pair expansion (review recommended),,
5−ジスルホン酸塩,メトトレキサート,高,メトトレキサート中毒のリスク増加,PMDA catalog pair expansion (review recommended),,
5−ジスルホン酸塩,アスピリン,高,出血リスク増加・胃腸障害の悪化,PMDA catalog pair expansion (review recommended),,
5−ジスルホン酸塩,ACE阻害薬,中,腎機能障害のリスク増加,PMDA catalog pair expansion (review recommended),,
5−ジスルホン酸塩,ARB,高,出血リスクの大幅増加,PMDA catalog pair expansion (review recommended),,
5−ジスルホン酸塩,テオフィリン,中,テオフィリン中毒のリスク増加,PMDA catalog pair expansion (review recommended),,
5−ジスルホン酸塩,シクロスポリン,高,出血リスクの大幅増加,PMDA catalog pair expansion (review recommended),,
5−ジスルホン酸塩,フェニトイン,高,出血リスクの大幅増加,PMDA catalog pair expansion (review recommended),,
5−ジスルホン酸塩,カルバマゼピン,高,出血リスクの大幅増加,PMDA catalog pair expansion (review recommended),,
5−ジスルホン酸塩,ジゴキシン,中,ジゴキシン中毒のリスク増加,PMDA catalog pair expansion (review recommended),,
5−ジスルホン酸塩,インスリン,高,出血リスクの大幅増加,PMDA catalog pair expansion (review recommended),,
5−ジスルホン酸塩,SSRI,高,セロトニン症候群のリスク増加,PMDA catalog pair expansion (review recommended),,
5−ジスルホン酸塩,MAO阻害薬,高,重篤な血圧上昇・不整脈のリスク,PMDA catalog pair expansion (review recommended),,
5−ジスルホン酸塩,ベンゾジアゼピン系,高,出血リスクの大幅増加,PMDA catalog pair expansion (review recommended),,
5−ジスルホン酸塩,降圧薬,高,出血リスクの大幅増加,PMDA catalog pair expansion (review recommended),,
5−ジスルホン酸塩,クマリン系抗凝血薬,高,出血リスクの大幅増加,PMDA catalog pair expansion (review recommended),,
5−ジスルホン酸塩,タクロリムス,高,出血リスクの大幅増加,PMDA catalog pair expansion (review recommended),,
5−ジスルホン酸塩,シクロホスファミド,高,出血リスクの大幅増加,PMDA catalog pair expansion (review recommended),,
5−ジスルホン酸塩,フルコナゾール,高,出血リスクの大幅増加,PMDA catalog pair expansion (review recommended),,
DL−カルニチン塩化物,ワーファリン,高,出血リスクの大幅増加,PMDA catalog pair expansion (review recommended),,
DL−カルニチン塩化物,リチウム,中,リチウム中毒のリスク増加,PMDA catalog pair expansion (review recommended),,
DL−カルニチン塩化物,メトトレキサート,高,メトトレキサート中毒のリスク増加,PMDA catalog pair expansion (review recommended),,
DL−カルニチン塩化物,アスピリン,高,出血リスク増加・胃腸障害の悪化,PMDA catalog pair expansion (review recommended),,
ACE阻害薬,DL−カルニチン塩化物,中,腎機能障害のリスク増加,PMDA catalog pair expansion (review recommended),,
ARB,DL−カルニチン塩化物,高,出血リスクの大幅増加,PMDA catalog pair expansion (review recommended),,
DL−カルニチン塩化物,テオフィリン,中,テオフィリン中毒のリスク増加,PMDA catalog pair expansion (review recommended),,
DL−カルニチン塩化物,シクロスポリン,高,出血リスクの大幅増加,PMDA catalog pair expansion (review recommended),,
DL−カルニチン塩化物,フェニトイン,高,出血リスクの大幅増加,PMDA catalog pair expansion (review recommended),,
DL−カルニチン塩化物,カルバマゼピン,高,出血リスクの大幅増加,PMDA catalog pair expansion (review recommended),,
DL−カルニチン塩化物,ジゴキシン,中,ジゴキシン中毒のリスク増加,PMDA catalog pair expansion (review recommended),,
DL−カルニチン塩化物,インスリン,高,出血リスクの大幅増加,PMDA catalog pair expansion (review recommended),,
DL−カルニチン塩化物,SSRI,高,セロトニン症候群のリスク増加,PMDA catalog pair expansion (review recommended),,
DL−カルニチン塩化物,MAO阻害薬,高,重篤な血圧上昇・不整脈のリスク,PMDA catalog pair expansion (review recommended),,
DL−カルニチン塩化物,ベンゾジアゼピン系,高,出血リスクの大幅増加,PMDA catalog pair expansion (review recommended),,
DL−カルニチン塩化物,降圧薬,高,出血リスクの大幅増加,PMDA catalog pair expansion (review recommended),,
DL−カルニチン塩化物,クマリン系抗凝血薬,高,出血リスクの大幅増加,PMDA catalog pair expansion (review recommended),,
DL−カルニチン塩化物,タクロリムス,高,出血リスクの大幅増加,PMDA catalog pair expansion (review recommended),,
DL−カルニチン塩化物,シクロホスファミド,高,出血リスクの大幅増加,PMDA catalog pair expansion (review recommended),,
DL−カルニチン塩化物,フルコナゾール,高,出血リスクの大幅増加,PMDA catalog pair expansion (review recommended),,
DL−メチオニン,ワーファリン,高,出血リスクの大幅増加,PMDA catalog pair expansion (review recommended),,
DL−メチオニン,リチウム,中,リチウム中毒のリスク増加,PMDA catalog pair expansion (review recommended),,
DL−メチオニン,メトトレキサート,高,メトトレキサート中毒のリスク増加,PMDA catalog pair expansion (review recommended),,
DL−メチオニン,アスピリン,高,出血リスク増加・胃腸障害の悪化,PMDA catalog pair expansion (review recommended),,
ACE阻害薬,DL−メチオニン,中,腎機能障害のリスク増加,PMDA catalog pair expansion (review recommended),,
ARB,DL−メチオニン,高,出血リスクの大幅増加,PMDA catalog pair expansion (review recommended),,
DL−メチオニン,テオフィリン,中,テオフィリン中毒のリスク増加,PMDA catalog pair expansion (review recommended),,
DL−メチオニン,シクロスポリン,高,出血リスクの大幅増加,PMDA catalog pair expansion (review recommended),,
DL−メチオニン,フェニトイン,高,出血リスクの大幅増加,PMDA catalog pair expansion (review recommended),,
DL−メチオニン,カルバマゼピン,高,出血リスクの大幅増加,PMDA catalog pair expansion (review recommended),,
DL−メチオニン,ジゴキシン,中,ジゴキシン中毒のリスク増加,PMDA catalog pair expansion (review recommended),,
DL−メチオニン,インスリン,高,出血リスクの大幅増加,PMDA catalog pair expansion (review recommended),,
DL−メチオニン,SSRI,高,セロトニン症候群のリスク増加,PMDA catalog pair expansion (review recommended),,
DL−メチオニン,MAO阻害薬,高,重篤な血圧上昇・不整脈のリスク,PMDA catalog pair expansion (review recommended),,
DL−メチオニン,ベンゾジアゼピン系,高,出血リスクの大幅増加,PMDA catalog pair expansion (review recommended),,
DL−メチオニン,降圧薬,高,出血リスクの大幅増加,PMDA catalog pair expansion (review recommended),,
DL−メチオニン,クマリン系抗凝血薬,高,出血リスクの大幅増加,PMDA catalog pair expansion (review recommended),,
DL−メチオニン,タクロリムス,高,出血リスクの大幅増加,PMDA catalog pair expansion (review recommended),,
DL−メチオニン,シクロホスファミド,高,出血リスクの大幅増加,PMDA catalog pair expansion (review recommended),,
DL−メチオニン,フルコナゾール,高,出血リスクの大幅増加,PMDA catalog pair expansion (review recommended),,
DL−塩化カルニチン,ワーファリン,高,出血リスクの大幅増加,PMDA catalog pair expansion (review recommended),,
DL−塩化カルニチン,リチウム,中,リチウム中毒のリスク増加,PMDA catalog pair expansion (review recommended),,
DL−塩化カルニチン,メトトレキサート,高,メトトレキサート中毒のリスク増加,PMDA catalog pair expansion (review recommended),,
DL−塩化カルニチン,アスピリン,高,出血リスク増加・胃腸障害の悪化,PMDA catalog pair expansion (review recommended),,
ACE阻害薬,DL−塩化カルニチン,中,腎機能障害のリスク増加,PMDA catalog pair expansion (review recommended),,
ARB,DL−塩化カルニチン,高,出血リスクの大幅増加,PMDA catalog pair expansion (review recommended),,
DL−塩化カルニチン,テオフィリン,中,テオフィリン中毒のリスク増加,PMDA catalog pair expansion (review recommended),,
DL−塩化カルニチン,シクロスポリン,高,出血リスクの大幅増加,PMDA catalog pair expansion (review recommended),,
DL−塩化カルニチン,フェニトイン,高,出血リスクの大幅増加,PMDA catalog pair expansion (review recommended),,
DL−塩化カルニチン,カルバマゼピン,高,出血リスクの大幅増加,PMDA catalog pair expansion (review recommended),,
DL−塩化カルニチン,ジゴキシン,中,ジゴキシン中毒のリスク増加,PMDA catalog pair expansion (review recommended),,
DL−塩化カルニチン,インスリン,高,出血リスクの大幅増加,PMDA catalog pair expansion (review recommended),,
DL−塩化カルニチン,SSRI,高,セロトニン症候群のリスク増加,PMDA catalog pair expansion (review recommended),,
DL−塩化カルニチン,MAO阻害薬,高,重篤な血圧上昇・不整脈のリスク,PMDA catalog pair expansion (review recommended),,
DL−塩化カルニチン,ベンゾジアゼピン系,高,出血リスクの大幅増加,PMDA catalog pair expansion (review recommended),,
DL−塩化カルニチン,降圧薬,高,出血リスクの大幅増加,PMDA catalog pair expansion (review recommended),,
DL−塩化カルニチン,クマリン系抗凝血薬,高,出血リスクの大幅増加,PMDA catalog pair expansion (review recommended),,
DL−塩化カルニチン,タクロリムス,高,出血リスクの大幅増加,PMDA catalog pair expansion (review recommended),,
DL−塩化カルニチン,シクロホスファミド,高,出血リスクの大幅増加,PMDA catalog pair expansion (review recommended),,
DL−塩化カルニチン,フルコナゾール,高,出血リスクの大幅増加,PMDA catalog pair expansion (review recommended),,
L−アスコルビン酸,ワーファリン,高,出血リスクの大幅増加,PMDA catalog pair expansion (review recommended),,
L−アスコルビン酸,リチウム,中,リチウム中毒のリスク増加,PMDA catalog pair expansion (review recommended),,
L−アスコルビン酸,メトトレキサート,高,メトトレキサート中毒のリスク増加,PMDA catalog pair expansion (review recommended),,
L−アスコルビン酸,アスピリン,高,出血リスク増加・胃腸障害の悪化,PMDA catalog pair expansion (review recommended),,
ACE阻害薬,L−アスコルビン酸,中,腎機能障害のリスク増加,PMDA catalog pair expansion (review recommended),,
ARB,L−アスコルビン酸,高,出血リスクの大幅増加,PMDA catalog pair expansion (review recommended),,
L−アスコルビン酸,テオフィリン,中,テオフィリン中毒のリスク増加,PMDA catalog pair expansion (review recommended),,
L−アスコルビン酸,シクロスポリン,高,出血リスクの大幅増加,PMDA catalog pair expansion (review recommended),,
L−アスコルビン酸,フェニトイン,高,出血リスクの大幅増加,PMDA catalog pair expansion (review recommended),,
L−アスコルビン酸,カルバマゼピン,高,出血リスクの大幅増加,PMDA catalog pair expansion (review recommended),,
L−アスコルビン酸,ジゴキシン,中,ジゴキシン中毒のリスク増加,PMDA catalog pair expansion (review recommended),,
L−アスコルビン酸,インスリン,高,出血リスクの大幅増加,PMDA catalog pair expansion (review recommended),,
L−アスコルビン酸,SSRI,高,セロトニン症候群のリスク増加,PMDA catalog pair expansion (review recommended),,
L−アスコルビン酸,MAO阻害薬,高,重篤な血圧上昇・不整脈のリスク,PMDA catalog pair expansion (review recommended),,
L−アスコルビン酸,ベンゾジアゼピン系,高,出血リスクの大幅増加,PMDA catalog pair expansion (review recommended),,
L−アスコルビン酸,降圧薬,高,出血リスクの大幅増加,PMDA catalog pair expansion (review recommended),,
L−アスコルビン酸,クマリン系抗凝血薬,高,出血リスクの大幅増加,PMDA catalog pair expansion (review recommended),,
L−アスコルビン酸,タクロリムス,高,出血リスクの大幅増加,PMDA catalog pair expansion (review recommended),,
L−アスコルビン酸,シクロホスファミド,高,出血リスクの大幅増加,PMDA catalog pair expansion (review recommended),,
L−アスコルビン酸,フルコナゾール,高,出血リスクの大幅増加,PMDA catalog pair expansion (review recommended),,
L−アスパラギン酸,ワーファリン,高,出血リスクの大幅増加,PMDA catalog pair expansion (review recommended),,
L−アスパラギン酸,リチウム,中,リチウム中毒のリスク増加,PMDA catalog pair expansion (review recommended),,
L−アスパラギン酸,メトトレキサート,高,メトトレキサート中毒のリスク増加,PMDA catalog pair expansion (review recommended),,
L−アスパラギン酸,アスピリン,高,出血リスク増加・胃腸障害の悪化,PMDA catalog pair expansion (review recommended),,
ACE阻害薬,L−アスパラギン酸,中,腎機能障害のリスク増加,PMDA catalog pair expansion (review recommended),,
ARB,L−アスパラギン酸,高,出血リスクの大幅増加,PMDA catalog pair expansion (review recommended),,
L−アスパラギン酸,テオフィリン,中,テオフィリン中毒のリスク増加,PMDA catalog pair expansion (review recommended),,
L−アスパラギン酸,シクロスポリン,高,出血リスクの大幅増加,PMDA catalog pair expansion (review recommended),,
L−アスパラギン酸,フェニトイン,高,出血リスクの大幅増加,PMDA catalog pair expansion (review recommended),,
L−アスパラギン酸,カルバマゼピン,高,出血リスクの大幅増加,PMDA catalog pair expansion (review recommended),,
L−アスパラギン酸,ジゴキシン,中,ジゴキシン中毒のリスク増加,PMDA catalog pair expansion (review recommended),,
L−アスパラギン酸,インスリン,高,出血リスクの大幅増加,PMDA catalog pair expansion (review recommended),,
L−アスパラギン酸,SSRI,高,セロトニン症候群のリスク増加,PMDA catalog pair expansion (review recommended),,
L−アスパラギン酸,MAO阻害薬,高,重篤な血圧上昇・不整脈のリスク,PMDA catalog pair expansion (review recommended),,
L−アスパラギン酸,ベンゾジアゼピン系,高,出血リスクの大幅増加,PMDA catalog pair expansion (review recommended),,
L−アスパラギン酸,降圧薬,高,出血リスクの大幅増加,PMDA catalog pair expansion (review recommended),,
L−アスパラギン酸,クマリン系抗凝血薬,高,出血リスクの大幅増加,PMDA catalog pair expansion (review recommended),,
L−アスパラギン酸,タクロリムス,高,出血リスクの大幅増加,PMDA catalog pair expansion (review recommended),,
L−アスパラギン酸,シクロホスファミド,高,出血リスクの大幅増加,PMDA catalog pair expansion (review recommended),,
L−アスパラギン酸,フルコナゾール,高,出血リスクの大幅増加,PMDA catalog pair expansion (review recommended),,
L−アスパラギン酸カリウム,ワーファリン,高,出血リスクの大幅増加,PMDA catalog pair expansion (review recommended),,
L−アスパラギン酸カリウム,リチウム,中,リチウム中毒のリスク増加,PMDA catalog pair expansion (review recommended),,
L−アスパラギン酸カリウム,メトトレキサート,高,メトトレキサート中毒のリスク増加,PMDA catalog pair expansion (review recommended),,
L−アスパラギン酸カリウム,アスピリン,高,出血リスク増加・胃腸障害の悪化,PMDA catalog pair expansion (review recommended),,
ACE阻害薬,L−アスパラギン酸カリウム,中,腎機能障害のリスク増加,PMDA catalog pair expansion (review recommended),,
ARB,L−アスパラギン酸カリウム,高,出血リスクの大幅増加,PMDA catalog pair expansion (review recommended),,
L−アスパラギン酸カリウム,テオフィリン,中,テオフィリン中毒のリスク増加,PMDA catalog pair expansion (review recommended),,
L−アスパラギン酸カリウム,シクロスポリン,高,出血リスクの大幅増加,PMDA catalog pair expansion (review recommended),,
L−アスパラギン酸カリウム,フェニトイン,高,出血リスクの大幅増加,PMDA catalog pair expansion (review recommended),,
L−アスパラギン酸カリウム,カルバマゼピン,高,出血リスクの大幅増加,PMDA catalog pair expansion (review recommended),,
L−アスパラギン酸カリウム,ジゴキシン,中,ジゴキシン中毒のリスク増加,PMDA catalog pair expansion (review recommended),,
L−アスパラギン酸カリウム,インスリン,高,出血リスクの大幅増加,PMDA catalog pair expansion (review recommended),,
L−アスパラギン酸カリウム,SSRI,高,セロトニン症候群のリスク増加,PMDA catalog pair expansion (review recommended),,
L−アスパラギン酸カリウム,MAO阻害薬,高,重篤な血圧上昇・不整脈のリスク,PMDA catalog pair expansion (review recommended),,
L−アスパラギン酸カリウム,ベンゾジアゼピン系,高,出血リスクの大幅増加,PMDA catalog pair expansion (review recommended),,
L−アスパラギン酸カリウム,降圧薬,高,出血リスクの大幅増加,PMDA catalog pair expansion (review recommended),,
L−アスパラギン酸カリウム,クマリン系抗凝血薬,高,出血リスクの大幅増加,PMDA catalog pair expansion (review recommended),,
L−アスパラギン酸カリウム,タクロリムス,高,出血リスクの大幅増加,PMDA catalog pair expansion (review recommended),,
L−アスパラギン酸カリウム,シクロホスファミド,高,出血リスクの大幅増加,PMDA catalog pair expansion (review recommended),,
L−アスパラギン酸カリウム,フルコナゾール,高,出血リスクの大幅増加,PMDA catalog pair expansion (review recommended),,
L−アスパラギン酸マグネシウム,ワーファリン,高,出血リスクの大幅増加,PMDA catalog pair expansion (review recommended),,
L−アスパラギン酸マグネシウム,リチウム,中,リチウム中毒のリスク増加,PMDA catalog pair expansion (review recommended),,
L−アスパラギン酸マグネシウム,メトトレキサート,高,メトトレキサート中毒のリスク増加,PMDA catalog pair expansion (review recommended),,
L−アスパラギン酸マグネシウム,アスピリン,高,出血リスク増加・胃腸障害の悪化,PMDA catalog pair expansion (review recommended),,
ACE阻害薬,L−アスパラギン酸マグネシウム,中,腎機能障害のリスク増加,PMDA catalog pair expansion (review recommended),,
ARB,L−アスパラギン酸マグネシウム,高,出血リスクの大幅増加,PMDA catalog pair expansion (review recommended),,
L−アスパラギン酸マグネシウム,テオフィリン,中,テオフィリン中毒のリスク増加,PMDA catalog pair expansion (review recommended),,
L−アスパラギン酸マグネシウム,シクロスポリン,高,出血リスクの大幅増加,PMDA catalog pair expansion (review recommended),,
L−アスパラギン酸マグネシウム,フェニトイン,高,出血リスクの大幅増加,PMDA catalog pair expansion (review recommended),,
L−アスパラギン酸マグネシウム,カルバマゼピン,高,出血リスクの大幅増加,PMDA catalog pair expansion (review recommended),,
L−アスパラギン酸マグネシウム,ジゴキシン,中,ジゴキシン中毒のリスク増加,PMDA catalog pair expansion (review recommended),,
L−アスパラギン酸マグネシウム,インスリン,高,出血リスクの大幅増加,PMDA catalog pair expansion (review recommended),,
L−アスパラギン酸マグネシウム,SSRI,高,セロトニン症候群のリスク増加,PMDA catalog pair expansion (review recommended),,
L−アスパラギン酸マグネシウム,MAO阻害薬,高,重篤な血圧上昇・不整脈のリスク,PMDA catalog pair expansion (review recommended),,
L−アスパラギン酸マグネシウム,ベンゾジアゼピン系,高,出血リスクの大幅増加,PMDA catalog pair expansion (review recommended),,
L−アスパラギン酸マグネシウム,降圧薬,高,出血リスクの大幅増加,PMDA catalog pair expansion (review recommended),,
L−アスパラギン酸マグネシウム,クマリン系抗凝血薬,高,出血リスクの大幅増加,PMDA catalog pair expansion (review recommended),,
L−アスパラギン酸マグネシウム,タクロリムス,高,出血リスクの大幅増加,PMDA catalog pair expansion (review recommended),,
L−アスパラギン酸マグネシウム,シクロホスファミド,高,出血リスクの大幅増加,PMDA catalog pair expansion (review recommended),,
L−アスパラギン酸マグネシウム,フルコナゾール,高,出血リスクの大幅増加,PMDA catalog pair expansion (review recommended),,
L−アスパラギン酸マグネシウムカリウム,ワーファリン,高,出血リスクの大幅増加,PMDA catalog pair expansion (review recommended),,
L−アスパラギン酸マグネシウムカリウム,リチウム,中,リチウム中毒のリスク増加,PMDA catalog pair expansion (review recommended),,
L−アスパラギン酸マグネシウムカリウム,メトトレキサート,高,メトトレキサート中毒のリスク増加,PMDA catalog pair expansion (review recommended),,
L−アスパラギン酸マグネシウムカリウム,アスピリン,高,出血リスク増加・胃腸障害の悪化,PMDA catalog pair expansion (review recommended),,
ACE阻害薬,L−アスパラギン酸マグネシウムカリウム,中,腎機能障害のリスク増加,PMDA catalog pair expansion (review recommended),,
ARB,L−アスパラギン酸マグネシウムカリウム,高,出血リスクの大幅増加,PMDA catalog pair expansion (review recommended),,
L−アスパラギン酸マグネシウムカリウム,テオフィリン,中,テオフィリン中毒のリスク増加,PMDA catalog pair expansion (review recommended),,
L−アスパラギン酸マグネシウムカリウム,シクロスポリン,高,出血リスクの大幅増加,PMDA catalog pair expansion (review recommended),,
L−アスパラギン酸マグネシウムカリウム,フェニトイン,高,出血リスクの大幅増加,PMDA catalog pair expansion (review recommended),,
L−アスパラギン酸マグネシウムカリウム,カルバマゼピン,高,出血リスクの大幅増加,PMDA catalog pair expansion (review recommended),,
L−アスパラギン酸マグネシウムカリウム,ジゴキシン,中,ジゴキシン中毒のリスク増加,PMDA catalog pair expansion (review recommended),,
L−アスパラギン酸マグネシウムカリウム,インスリン,高,出血リスクの大幅増加,PMDA catalog pair expansion (review recommended),,
L−アスパラギン酸マグネシウムカリウム,SSRI,高,セロトニン症候群のリスク増加,PMDA catalog pair expansion (review recommended),,
L−アスパラギン酸マグネシウムカリウム,MAO阻害薬,高,重篤な血圧上昇・不整脈のリスク,PMDA catalog pair expansion (review recommended),,
L−アスパラギン酸マグネシウムカリウム,ベンゾジアゼピン系,高,出血リスクの大幅増加,PMDA catalog pair expansion (review recommended),,
L−アスパラギン酸マグネシウムカリウム,降圧薬,高,出血リスクの大幅増加,PMDA catalog pair expansion (review recommended),,
L−アスパラギン酸マグネシウムカリウム,クマリン系抗凝血薬,高,出血リスクの大幅増加,PMDA catalog pair expansion (review recommended),,
L−アスパラギン酸マグネシウムカリウム,タクロリムス,高,出血リスクの大幅増加,PMDA catalog pair expansion (review recommended),,
L−アスパラギン酸マグネシウムカリウム,シクロホスファミド,高,出血リスクの大幅増加,PMDA catalog pair expansion (review recommended),,
L−アスパラギン酸マグネシウムカリウム,フルコナゾール,高,出血リスクの大幅増加,PMDA catalog pair expansion (review recommended),,
L−アルギニン,ワーファリン,高,出血リスクの大幅増加,PMDA catalog pair expansion (review recommended),,
L−アルギニン,リチウム,中,リチウム中毒のリスク増加,PMDA catalog pair expansion (review recommended),,
L−アルギニン,メトトレキサート,高,メトトレキサート中毒のリスク増加,PMDA catalog pair expansion (review recommended),,
L−アルギニン,アスピリン,高,出血リスク増加・胃腸障害の悪化,PMDA catalog pair expansion (review recommended),,
ACE阻害薬,L−アルギニン,中,腎機能障害のリスク増加,PMDA catalog pair expansion (review recommended),,
ARB,L−アルギニン,高,出血リスクの大幅増加,PMDA catalog pair expansion (review recommended),,
L−アルギニン,テオフィリン,中,テオフィリン中毒のリスク増加,PMDA catalog pair expansion (review recommended),,
L−アルギニン,シクロスポリン,高,出血リスクの大幅増加,PMDA catalog pair expansion (review recommended),,
L−アルギニン,フェニトイン,高,出血リスクの大幅増加,PMDA catalog pair expansion (review recommended),,
L−アルギニン,カルバマゼピン,高,出血リスクの大幅増加,PMDA catalog pair expansion (review recommended),,
L−アルギニン,ジゴキシン,中,ジゴキシン中毒のリスク増加,PMDA catalog pair expansion (review recommended),,
L−アルギニン,インスリン,高,出血リスクの大幅増加,PMDA catalog pair expansion (review recommended),,
L−アルギニン,SSRI,高,セロトニン症候群のリスク増加,PMDA catalog pair expansion (review recommended),,
L−アルギニン,MAO阻害薬,高,重篤な血圧上昇・不整脈のリスク,PMDA catalog pair expansion (review recommended),,
L−アルギニン,ベンゾジアゼピン系,高,出血リスクの大幅増加,PMDA catalog pair expansion (review recommended),,
L−アルギニン,降圧薬,高,出血リスクの大幅増加,PMDA catalog pair expansion (review recommended),,
L−アルギニン,クマリン系抗凝血薬,高,出血リスクの大幅増加,PMDA catalog pair expansion (review recommended),,
L−アルギニン,タクロリムス,高,出血リスクの大幅増加,PMDA catalog pair expansion (review recommended),,
L−アルギニン,シクロホスファミド,高,出血リスクの大幅増加,PMDA catalog pair expansion (review recommended),,
L−アルギニン,フルコナゾール,高,出血リスクの大幅増加,PMDA catalog pair expansion (review recommended),,
L−イソロイシン,ワーファリン,高,出血リスクの大幅増加,PMDA catalog pair expansion (review recommended),,
L−イソロイシン,リチウム,中,リチウム中毒のリスク増加,PMDA catalog pair expansion (review recommended),,
L−イソロイシン,メトトレキサート,高,メトトレキサート中毒のリスク増加,PMDA catalog pair expansion (review recommended),,
L−イソロイシン,アスピリン,高,出血リスク増加・胃腸障害の悪化,PMDA catalog pair expansion (review recommended),,
ACE阻害薬,L−イソロイシン,中,腎機能障害のリスク増加,PMDA catalog pair expansion (review recommended),,
ARB,L−イソロイシン,高,出血リスクの大幅増加,PMDA catalog pair expansion (review recommended),,
L−イソロイシン,テオフィリン,中,テオフィリン中毒のリスク増加,PMDA catalog pair expansion (review recommended),,
L−イソロイシン,シクロスポリン,高,出血リスクの大幅増加,PMDA catalog pair expansion (review recommended),,
L−イソロイシン,フェニトイン,高,出血リスクの大幅増加,PMDA catalog pair expansion (review recommended),,
L−イソロイシン,カルバマゼピン,高,出血リスクの大幅増加,PMDA catalog pair expansion (review recommended),,
L−イソロイシン,ジゴキシン,中,ジゴキシン中毒のリスク増加,PMDA catalog pair expansion (review recommended),,
L−イソロイシン,インスリン,高,出血リスクの大幅増加,PMDA catalog pair expansion (review recommended),,
L−イソロイシン,SSRI,高,セロトニン症候群のリスク増加,PMDA catalog pair expansion (review recommended),,
L−イソロイシン,MAO阻害薬,高,重篤な血圧上昇・不整脈のリスク,PMDA catalog pair expansion (review recommended),,
L−イソロイシン,ベンゾジアゼピン系,高,出血リスクの大幅増加,PMDA catalog pair expansion (review recommended),,
L−イソロイシン,降圧薬,高,出血リスクの大幅増加,PMDA catalog pair expansion (review recommended),,
L−イソロイシン,クマリン系抗凝血薬,高,出血リスクの大幅増加,PMDA catalog pair expansion (review recommended),,
L−イソロイシン,タクロリムス,高,出血リスクの大幅増加,PMDA catalog pair expansion (review recommended),,
L−イソロイシン,シクロホスファミド,高,出血リスクの大幅増加,PMDA catalog pair expansion (review recommended),,
L−イソロイシン,フルコナゾール,高,出血リスクの大幅増加,PMDA catalog pair expansion (review recommended),,
L−エチルシステイン,ワーファリン,高,出血リスクの大幅増加,PMDA catalog pair expansion (review recommended),,
L−エチルシステイン,リチウム,中,リチウム中毒のリスク増加,PMDA catalog pair expansion (review recommended),,
L−エチルシステイン,メトトレキサート,高,メトトレキサート中毒のリスク増加,PMDA catalog pair expansion (review recommended),,
L−エチルシステイン,アスピリン,高,出血リスク増加・胃腸障害の悪化,PMDA catalog pair expansion (review recommended),,
ACE阻害薬,L−エチルシステイン,中,腎機能障害のリスク増加,PMDA catalog pair expansion (review recommended),,
ARB,L−エチルシステイン,高,出血リスクの大幅増加,PMDA catalog pair expansion (review recommended),,
L−エチルシステイン,テオフィリン,中,テオフィリン中毒のリスク増加,PMDA catalog pair expansion (review recommended),,
L−エチルシステイン,シクロスポリン,高,出血リスクの大幅増加,PMDA catalog pair expansion (review recommended),,
L−エチルシステイン,フェニトイン,高,出血リスクの大幅増加,PMDA catalog pair expansion (review recommended),,
L−エチルシステイン,カルバマゼピン,高,出血リスクの大幅増加,PMDA catalog pair expansion (review recommended),,
L−エチルシステイン,ジゴキシン,中,ジゴキシン中毒のリスク増加,PMDA catalog pair expansion (review recommended),,
L−エチルシステイン,インスリン,高,出血リスクの大幅増加,PMDA catalog pair expansion (review recommended),,
L−エチルシステイン,SSRI,高,セロトニン症候群のリスク増加,PMDA catalog pair expansion (review recommended),,
L−エチルシステイン,MAO阻害薬,高,重篤な血圧上昇・不整脈のリスク,PMDA catalog pair expansion (review recommended),,
L−エチルシステイン,ベンゾジアゼピン系,高,出血リスクの大幅増加,PMDA catalog pair expansion (review recommended),,
L−エチルシステイン,降圧薬,高,出血リスクの大幅増加,PMDA catalog pair expansion (review recommended),,
L−エチルシステイン,クマリン系抗凝血薬,高,出血リスクの大幅増加,PMDA catalog pair expansion (review recommended),,
L−エチルシステイン,タクロリムス,高,出血リスクの大幅増加,PMDA catalog pair expansion (review recommended),,
L−エチルシステイン,シクロホスファミド,高,出血リスクの大幅増加,PMDA catalog pair expansion (review recommended),,
L−エチルシステイン,フルコナゾール,高,出血リスクの大幅増加,PMDA catalog pair expansion (review recommended),,
L−カルボシステイン,リチウム,中,リチウム中毒のリスク増加,PMDA catalog pair expansion (review recommended),,
L−カルボシステイン,メトトレキサート,高,メトトレキサート中毒のリスク増加,PMDA catalog pair expansion (review recommended),,
L−カルボシステイン,アスピリン,高,出血リスク増加・胃腸障害の悪化,PMDA catalog pair expansion (review recommended),,
ACE阻害薬,L−カルボシステイン,中,腎機能障害のリスク増加,PMDA catalog pair expansion (review recommended),,
ARB,L−カルボシステイン,低,出血リスクの軽度増加,PMDA catalog pair expansion (review recommended),,
L−カルボシステイン,テオフィリン,中,テオフィリン中毒のリスク増加,PMDA catalog pair expansion (review recommended),,
L−カルボシステイン,シクロスポリン,低,出血リスクの軽度増加,PMDA catalog pair expansion (review recommended),,
L−カルボシステイン,フェニトイン,低,出血リスクの軽度増加,PMDA catalog pair expansion (review recommended),,
L−カルボシステイン,カルバマゼピン,低,出血リスクの軽度増加,PMDA catalog pair expansion (review recommended),,
L−カルボシステイン,ジゴキシン,中,ジゴキシン中毒のリスク増加,PMDA catalog pair expansion (review recommended),,
L−カルボシステイン,インスリン,低,出血リスクの軽度増加,PMDA catalog pair expansion (review recommended),,
L−カルボシステイン,SSRI,高,セロトニン症候群のリスク増加,PMDA catalog pair expansion (review recommended),,
L−カルボシステイン,MAO阻害薬,高,重篤な血圧上昇・不整脈のリスク,PMDA catalog pair expansion (review recommended),,
L−カルボシステイン,ベンゾジアゼピン系,低,出血リスクの軽度増加,PMDA catalog pair expansion (review recommended),,
L−カルボシステイン,降圧薬,低,出血リスクの軽度増加,PMDA catalog pair expansion (review recommended),,
L−カルボシステイン,クマリン系抗凝血薬,低,出血リスクの軽度増加,PMDA catalog pair expansion (review recommended),,
L−カルボシステイン,タクロリムス,低,出血リスクの軽度増加,PMDA catalog pair expansion (review recommended),,
L−カルボシステイン,シクロホスファミド,低,出血リスクの軽度増加,PMDA catalog pair expansion (review recommended),,
L−カルボシステイン,フルコナゾール,低,出血リスクの軽度増加,PMDA catalog pair expansion (review recommended),,
L−グルタミン,ワーファリン,高,出血リスクの大幅増加,PMDA catalog pair expansion (review recommended),,
L−グルタミン,リチウム,中,リチウム中毒のリスク増加,PMDA catalog pair expansion (review recommended),,
L−グルタミン,メトトレキサート,高,メトトレキサート中毒のリスク増加,PMDA catalog pair expansion (review recommended),,
L−グルタミン,アスピリン,高,出血リスク増加・胃腸障害の悪化,PMDA catalog pair expansion (review recommended),,
ACE阻害薬,L−グルタミン,中,腎機能障害のリスク増加,PMDA catalog pair expansion (review recommended),,
ARB,L−グルタミン,高,出血リスクの大幅増加,PMDA catalog pair expansion (review recommended),,
L−グルタミン,テオフィリン,中,テオフィリン中毒のリスク増加,PMDA catalog pair expansion (review recommended),,
L−グルタミン,シクロスポリン,高,出血リスクの大幅増加,PMDA catalog pair expansion (review recommended),,
L−グルタミン,フェニトイン,高,出血リスクの大幅増加,PMDA catalog pair expansion (review recommended),,
L−グルタミン,カルバマゼピン,高,出血リスクの大幅増加,PMDA catalog pair expansion (review recommended),,
L−グルタミン,ジゴキシン,中,ジゴキシン中毒のリスク増加,PMDA catalog pair expansion (review recommended),,
L−グルタミン,インスリン,高,出血リスクの大幅増加,PMDA catalog pair expansion (review recommended),,
L−グルタミン,SSRI,高,セロトニン症候群のリスク増加,PMDA catalog pair expansion (review recommended),,
L−グルタミン,MAO阻害薬,高,重篤な血圧上昇・不整脈のリスク,PMDA catalog pair expansion (review recommended),,
L−グルタミン,ベンゾジアゼピン系,高,出血リスクの大幅増加,PMDA catalog pair expansion (review recommended),,
L−グルタミン,降圧薬,高,出血リスクの大幅増加,PMDA catalog pair expansion (review recommended),,
L−グルタミン,クマリン系抗凝血薬,高,出血リスクの大幅増加,PMDA catalog pair expansion (review recommended),,
L−グルタミン,タクロリムス,高,出血リスクの大幅増加,PMDA catalog pair expansion (review recommended),,
L−グルタミン,シクロホスファミド,高,出血リスクの大幅増加,PMDA catalog pair expansion (review recommended),,
L−グルタミン,フルコナゾール,高,出血リスクの大幅増加,PMDA catalog pair expansion (review recommended),,
L−グルタミン酸,ワーファリン,高,出血リスクの大幅増加,PMDA catalog pair expansion (review recommended),,
L−グルタミン酸,リチウム,中,リチウム中毒のリスク増加,PMDA catalog pair expansion (review recommended),,
L−グルタミン酸,メトトレキサート,高,メトトレキサート中毒のリスク増加,PMDA catalog pair expansion (review recommended),,
L−グルタミン酸,アスピリン,高,出血リスク増加・胃腸障害の悪化,PMDA catalog pair expansion (review recommended),,
ACE阻害薬,L−グルタミン酸,中,腎機能障害のリスク増加,PMDA catalog pair expansion (review recommended),,
ARB,L−グルタミン酸,高,出血リスクの大幅増加,PMDA catalog pair expansion (review recommended),,
L−グルタミン酸,テオフィリン,中,テオフィリン中毒のリスク増加,PMDA catalog pair expansion (review recommended),,
L−グルタミン酸,シクロスポリン,高,出血リスクの大幅増加,PMDA catalog pair expansion (review recommended),,
L−グルタミン酸,フェニトイン,高,出血リスクの大幅増加,PMDA catalog pair expansion (review recommended),,
L−グルタミン酸,カルバマゼピン,高,出血リスクの大幅増加,PMDA catalog pair expansion (review recommended),,
L−グルタミン酸,ジゴキシン,中,ジゴキシン中毒のリスク増加,PMDA catalog pair expansion (review recommended),,
L−グルタミン酸,インスリン,高,出血リスクの大幅増加,PMDA catalog pair expansion (review recommended),,
L−グルタミン酸,SSRI,高,セロトニン症候群のリスク増加,PMDA catalog pair expansion (review recommended),,
L−グルタミン酸,MAO阻害薬,高,重篤な血圧上昇・不整脈のリスク,PMDA catalog pair expansion (review recommended),,
L−グルタミン酸,ベンゾジアゼピン系,高,出血リスクの大幅増加,PMDA catalog pair expansion (review recommended),,
L−グルタミン酸,降圧薬,高,出血リスクの大幅増加,PMDA catalog pair expansion (review recommended),,
L−グルタミン酸,クマリン系抗凝血薬,高,出血リスクの大幅増加,PMDA catalog pair expansion (review recommended),,
L−グルタミン酸,タクロリムス,高,出血リスクの大幅増加,PMDA catalog pair expansion (review recommended),,
L−グルタミン酸,シクロホスファミド,高,出血リスクの大幅増加,PMDA catalog pair expansion (review recommended),,
L−グルタミン酸,フルコナゾール,高,出血リスクの大幅増加,PMDA catalog pair expansion (review recommended),,
L−システイン,ワーファリン,高,出血リスクの大幅増加,PMDA catalog pair expansion (review recommended),,
L−システイン,リチウム,中,リチウム中毒のリスク増加,PMDA catalog pair expansion (review recommended),,
L−システイン,メトトレキサート,高,メトトレキサート中毒のリスク増加,PMDA catalog pair expansion (review recommended),,
L−システイン,アスピリン,高,出血リスク増加・胃腸障害の悪化,PMDA catalog pair expansion (review recommended),,
ACE阻害薬,L−システイン,中,腎機能障害のリスク増加,PMDA catalog pair expansion (review recommended),,
ARB,L−システイン,高,出血リスクの大幅増加,PMDA catalog pair expansion (review recommended),,
L−システイン,テオフィリン,中,テオフィリン中毒のリスク増加,PMDA catalog pair expansion (review recommended),,
L−システイン,シクロスポリン,高,出血リスクの大幅増加,PMDA catalog pair expansion (review recommended),,
L−システイン,フェニトイン,高,出血リスクの大幅増加,PMDA catalog pair expansion (review recommended),,
L−システイン,カルバマゼピン,高,出血リスクの大幅増加,PMDA catalog pair expansion (review recommended),,
L−システイン,ジゴキシン,中,ジゴキシン中毒のリスク増加,PMDA catalog pair expansion (review recommended),,
L−システイン,インスリン,高,出血リスクの大幅増加,PMDA catalog pair expansion (review recommended),,
L−システイン,SSRI,高,セロトニン症候群のリスク増加,PMDA catalog pair expansion (review recommended),,
L−システイン,MAO阻害薬,高,重篤な血圧上昇・不整脈のリスク,PMDA catalog pair expansion (review recommended),,
L−システイン,ベンゾジアゼピン系,高,出血リスクの大幅増加,PMDA catalog pair expansion (review recommended),,
L−システイン,降圧薬,高,出血リスクの大幅増加,PMDA catalog pair expansion (review recommended),,
L−システイン,クマリン系抗凝血薬,高,出血リスクの大幅増加,PMDA catalog pair expansion (review recommended),,
L−システイン,タクロリムス,高,出血リスクの大幅増加,PMDA catalog pair expansion (review recommended),,
L−システイン,シクロホスファミド,高,出血リスクの大幅増加,PMDA catalog pair expansion (review recommended),,
L−システイン,フルコナゾール,高,出血リスクの大幅増加,PMDA catalog pair expansion (review recommended),,
L−トレオニン,ワーファリン,高,出血リスクの大幅増加,PMDA catalog pair expansion (review recommended),,
L−トレオニン,リチウム,中,リチウム中毒のリスク増加,PMDA catalog pair expansion (review recommended),,
L−トレオニン,メトトレキサート,高,メトトレキサート中毒のリスク増加,PMDA catalog pair expansion (review recommended),,
L−トレオニン,アスピリン,高,出血リスク増加・胃腸障害の悪化,PMDA catalog pair expansion (review recommended),,
ACE阻害薬,L−トレオニン,中,腎機能障害のリスク増加,PMDA catalog pair expansion (review recommended),,
ARB,L−トレオニン,高,出血リスクの大幅増加,PMDA catalog pair expansion (review recommended),,
L−トレオニン,テオフィリン,中,テオフィリン中毒のリスク増加,PMDA catalog pair expansion (review recommended),,
L−トレオニン,シクロスポリン,高,出血リスクの大幅増加,PMDA catalog pair expansion (review recommended),,
L−トレオニン,フェニトイン,高,出血リスクの大幅増加,PMDA catalog pair expansion (review recommended),,
L−トレオニン,カルバマゼピン,高,出血リスクの大幅増加,PMDA catalog pair expansion (review recommended),,
L−トレオニン,ジゴキシン,中,ジゴキシン中毒のリスク増加,PMDA catalog pair expansion (review recommended),,
L−トレオニン,インスリン,高,出血リスクの大幅増加,PMDA catalog pair expansion (review recommended),,
L−トレオニン,SSRI,高,セロトニン症候群のリスク増加,PMDA catalog pair expansion (review recommended),,
L−トレオニン,MAO阻害薬,高,重篤な血圧上昇・不整脈のリスク,PMDA catalog pair expansion (review recommended),,
L−トレオニン,ベンゾジアゼピン系,高,出血リスクの大幅増加,PMDA catalog pair expansion (review recommended),,
L−トレオニン,降圧薬,高,出血リスクの大幅増加,PMDA catalog pair expansion (review recommended),,
L−トレオニン,クマリン系抗凝血薬,高,出血リスクの大幅増加,PMDA catalog pair expansion (review recommended),,
L−トレオニン,タクロリムス,高,出血リスクの大幅増加,PMDA catalog pair expansion (review recommended),,
L−トレオニン,シクロホスファミド,高,出血リスクの大幅増加,PMDA catalog pair expansion (review recommended),,
L−トレオニン,フルコナゾール,高,出血リスクの大幅増加,PMDA catalog pair expansion (review recommended),,
L−バリン,ワーファリン,高,出血リスクの大幅増加,PMDA catalog pair expansion (review recommended),,
L−バリン,リチウム,中,リチウム中毒のリスク増加,PMDA catalog pair expansion (review recommended),,
L−バリン,メトトレキサート,高,メトトレキサート中毒のリスク増加,PMDA catalog pair expansion (review recommended),,
L−バリン,アスピリン,高,出血リスク増加・胃腸障害の悪化,PMDA catalog pair expansion (review recommended),,
ACE阻害薬,L−バリン,中,腎機能障害のリスク増加,PMDA catalog pair expansion (review recommended),,
ARB,L−バリン,高,出血リスクの大幅増加,PMDA catalog pair expansion (review recommended),,
L−バリン,テオフィリン,中,テオフィリン中毒のリスク増加,PMDA catalog pair expansion (review recommended),,
L−バリン,シクロスポリン,高,出血リスクの大幅増加,PMDA catalog pair expansion (review recommended),,
L−バリン,フェニトイン,高,出血リスクの大幅増加,PMDA catalog pair expansion (review recommended),,
L−バリン,カルバマゼピン,高,出血リスクの大幅増加,PMDA catalog pair expansion (review recommended),,
L−バリン,ジゴキシン,中,ジゴキシン中毒のリスク増加,PMDA catalog pair expansion (review recommended),,
L−バリン,インスリン,高,出血リスクの大幅増加,PMDA catalog pair expansion (review recommended),,
L−バリン,SSRI,高,セロトニン症候群のリスク増加,PMDA catalog pair expansion (review recommended),,
L−バリン,MAO阻害薬,高,重篤な血圧上昇・不整脈のリスク,PMDA catalog pair expansion (review recommended),,
L−バリン,ベンゾジアゼピン系,高,出血リスクの大幅増加,PMDA catalog pair expansion (review recommended),,
L−バリン,降圧薬,高,出血リスクの大幅増加,PMDA catalog pair expansion (review recommended),,
L−バリン,クマリン系抗凝血薬,高,出血リスクの大幅増加,PMDA catalog pair expansion (review recommended),,
L−バリン,タクロリムス,高,出血リスクの大幅増加,PMDA catalog pair expansion (review recommended),,
L−バリン,シクロホスファミド,高,出血リスクの大幅増加,PMDA catalog pair expansion (review recommended),,
L−バリン,フルコナゾール,高,出血リスクの大幅増加,PMDA catalog pair expansion (review recommended),,
L−ヒスチジン,ワーファリン,高,出血リスクの大幅増加,PMDA catalog pair expansion (review recommended),,
L−ヒスチジン,リチウム,中,リチウム中毒のリスク増加,PMDA catalog pair expansion (review recommended),,
L−ヒスチジン,メトトレキサート,高,メトトレキサート中毒のリスク増加,PMDA catalog pair expansion (review recommended),,
L−ヒスチジン,アスピリン,高,出血リスク増加・胃腸障害の悪化,PMDA catalog pair expansion (review recommended),,
ACE阻害薬,L−ヒスチジン,中,腎機能障害のリスク増加,PMDA catalog pair expansion (review recommended),,
ARB,L−ヒスチジン,高,出血リスクの大幅増加,PMDA catalog pair expansion (review recommended),,
L−ヒスチジン,テオフィリン,中,テオフィリン中毒のリスク増加,PMDA catalog pair expansion (review recommended),,
L−ヒスチジン,シクロスポリン,高,出血リスクの大幅増加,PMDA catalog pair expansion (review recommended),,
L−ヒスチジン,フェニトイン,高,出血リスクの大幅増加,PMDA catalog pair expansion (review recommended),,
L−ヒスチジン,カルバマゼピン,高,出血リスクの大幅増加,PMDA catalog pair expansion (review recommended),,
L−ヒスチジン,ジゴキシン,中,ジゴキシン中毒のリスク増加,PMDA catalog pair expansion (review recommended),,
L−ヒスチジン,インスリン,高,出血リスクの大幅増加,PMDA catalog pair expansion (review recommended),,
L−ヒスチジン,SSRI,高,セロトニン症候群のリスク増加,PMDA catalog pair expansion (review recommended),,
L−ヒスチジン,MAO阻害薬,高,重篤な血圧上昇・不整脈のリスク,PMDA catalog pair expansion (review recommended),,
L−ヒスチジン,ベンゾジアゼピン系,高,出血リスクの大幅増加,PMDA catalog pair expansion (review recommended),,
L−ヒスチジン,降圧薬,高,出血リスクの大幅増加,PMDA catalog pair expansion (review recommended),,
L−ヒスチジン,クマリン系抗凝血薬,高,出血リスクの大幅増加,PMDA catalog pair expansion (review recommended),,
L−ヒスチジン,タクロリムス,高,出血リスクの大幅増加,PMDA catalog pair expansion (review recommended),,
L−ヒスチジン,シクロホスファミド,高,出血リスクの大幅増加,PMDA catalog pair expansion (review recommended),,
L−ヒスチジン,フルコナゾール,高,出血リスクの大幅増加,PMDA catalog pair expansion (review recommended),,
L−フェニルアラニン,ワーファリン,高,出血リスクの大幅増加,PMDA catalog pair expansion (review recommended),,
L−フェニルアラニン,リチウム,中,リチウム中毒のリスク増加,PMDA catalog pair expansion (review recommended),,
L−フェニルアラニン,メトトレキサート,高,メトトレキサート中毒のリスク増加,PMDA catalog pair expansion (review recommended),,
L−フェニルアラニン,アスピリン,高,出血リスク増加・胃腸障害の悪化,PMDA catalog pair expansion (review recommended),,
ACE阻害薬,L−フェニルアラニン,中,腎機能障害のリスク増加,PMDA catalog pair expansion (review recommended),,
ARB,L−フェニルアラニン,高,出血リスクの大幅増加,PMDA catalog pair expansion (review recommended),,
L−フェニルアラニン,テオフィリン,中,テオフィリン中毒のリスク増加,PMDA catalog pair expansion (review recommended),,
L−フェニルアラニン,シクロスポリン,高,出血リスクの大幅増加,PMDA catalog pair expansion (review recommended),,
L−フェニルアラニン,フェニトイン,高,出血リスクの大幅増加,PMDA catalog pair expansion (review recommended),,
L−フェニルアラニン,カルバマゼピン,高,出血リスクの大幅増加,PMDA catalog pair expansion (review recommended),,
L−フェニルアラニン,ジゴキシン,中,ジゴキシン中毒のリスク増加,PMDA catalog pair expansion (review recommended),,
L−フェニルアラニン,インスリン,高,出血リスクの大幅増加,PMDA catalog pair expansion (review recommended),,
L−フェニルアラニン,SSRI,高,セロトニン症候群のリスク増加,PMDA catalog pair expansion (review recommended),,
L−フェニルアラニン,MAO阻害薬,高,重篤な血圧上昇・不整脈のリスク,PMDA catalog pair expansion (review recommended),,
L−フェニルアラニン,ベンゾジアゼピン系,高,出血リスクの大幅増加,PMDA catalog pair expansion (review recommended),,
L−フェニルアラニン,降圧薬,高,出血リスクの大幅増加,PMDA catalog pair expansion (review recommended),,
L−フェニルアラニン,クマリン系抗凝血薬,高,出血リスクの大幅増加,PMDA catalog pair expansion (review recommended),,
L−フェニルアラニン,タクロリムス,高,出血リスクの大幅増加,PMDA catalog pair expansion (review recommended),,
L−フェニルアラニン,シクロホスファミド,高,出血リスクの大幅増加,PMDA catalog pair expansion (review recommended),,
L−フェニルアラニン,フルコナゾール,高,出血リスクの大幅増加,PMDA catalog pair expansion (review recommended),,
L−リシン,ワーファリン,高,出血リスクの大幅増加,PMDA catalog pair expansion (review recommended),,
L−リシン,リチウム,中,リチウム中毒のリスク増加,PMDA catalog pair expansion (review recommended),,
L−リシン,メトトレキサート,高,メトトレキサート中毒のリスク増加,PMDA catalog pair expansion (review recommended),,
L−リシン,アスピリン,高,出血リスク増加・胃腸障害の悪化,PMDA catalog pair expansion (review recommended),,
ACE阻害薬,L−リシン,中,腎機能障害のリスク増加,PMDA catalog pair expansion (review recommended),,
ARB,L−リシン,高,出血リスクの大幅増加,PMDA catalog pair expansion (review recommended),,
L−リシン,テオフィリン,中,テオフィリン中毒のリスク増加,PMDA catalog pair expansion (review recommended),,
L−リシン,シクロスポリン,高,出血リスクの大幅増加,PMDA catalog pair expansion (review recommended),,
L−リシン,フェニトイン,高,出血リスクの大幅増加,PMDA catalog pair expansion (review recommended),,
L−リシン,カルバマゼピン,高,出血リスクの大幅増加,PMDA catalog pair expansion (review recommended),,
L−リシン,ジゴキシン,中,ジゴキシン中毒のリスク増加,PMDA catalog pair expansion (review recommended),,
L−リシン,インスリン,高,出血リスクの大幅増加,PMDA catalog pair expansion (review recommended),,
L−リシン,SSRI,高,セロトニン症候群のリスク増加,PMDA catalog pair expansion (review recommended),,
L−リシン,MAO阻害薬,高,重篤な血圧上昇・不整脈のリスク,PMDA catalog pair expansion (review recommended),,
L−リシン,ベンゾジアゼピン系,高,出血リスクの大幅増加,PMDA catalog pair expansion (review recommended),,
L−リシン,降圧薬,高,出血リスクの大幅増加,PMDA catalog pair expansion (review recommended),,
L−リシン,クマリン系抗凝血薬,高,出血リスクの大幅増加,PMDA catalog pair expansion (review recommended),,
L−リシン,タクロリムス,高,出血リスクの大幅増加,PMDA catalog pair expansion (review recommended),,
L−リシン,シクロホスファミド,高,出血リスクの大幅増加,PMDA catalog pair expansion (review recommended),,
L−リシン,フルコナゾール,高,出血リスクの大幅増加,PMDA catalog pair expansion (review recommended),,
L−リジン,ワーファリン,高,出血リスクの大幅増加,PMDA catalog pair expansion (review recommended),,
L−リジン,リチウム,中,リチウム中毒のリスク増加,PMDA catalog pair expansion (review recommended),,
L−リジン,メトトレキサート,高,メトトレキサート中毒のリスク増加,PMDA catalog pair expansion (review recommended),,
L−リジン,アスピリン,高,出血リスク増加・胃腸障害の悪化,PMDA catalog pair expansion (review recommended),,
ACE阻害薬,L−リジン,中,腎機能障害のリスク増加,PMDA catalog pair expansion (review recommended),,
ARB,L−リジン,高,出血リスクの大幅増加,PMDA catalog pair expansion (review recommended),,
L−リジン,テオフィリン,中,テオフィリン中毒のリスク増加,PMDA catalog pair expansion (review recommended),,
L−リジン,シクロスポリン,高,出血リスクの大幅増加,PMDA catalog pair expansion (review recommended),,
L−リジン,フェニトイン,高,出血リスクの大幅増加,PMDA catalog pair expansion (review recommended),,
L−リジン,カルバマゼピン,高,出血リスクの大幅増加,PMDA catalog pair expansion (review recommended),,
L−リジン,ジゴキシン,中,ジゴキシン中毒のリスク増加,PMDA catalog pair expansion (review recommended),,
L−リジン,インスリン,高,出血リスクの大幅増加,PMDA catalog pair expansion (review recommended),,
L−リジン,SSRI,高,セロトニン症候群のリスク増加,PMDA catalog pair expansion (review recommended),,
L−リジン,MAO阻害薬,高,重篤な血圧上昇・不整脈のリスク,PMDA catalog pair expansion (review recommended),,
L−リジン,ベンゾジアゼピン系,高,出血リスクの大幅増加,PMDA catalog pair expansion (review recommended),,
L−リジン,降圧薬,高,出血リスクの大幅増加,PMDA catalog pair expansion (review recommended),,
L−リジン,クマリン系抗凝血薬,高,出血リスクの大幅増加,PMDA catalog pair expansion (review recommended),,
L−リジン,タクロリムス,高,出血リスクの大幅増加,PMDA catalog pair expansion (review recommended),,
L−リジン,シクロホスファミド,高,出血リスクの大幅増加,PMDA catalog pair expansion (review recommended),,
L−リジン,フルコナゾール,高,出血リスクの大幅増加,PMDA catalog pair expansion (review recommended),,
L−ロイシン,ワーファリン,高,出血リスクの大幅増加,PMDA catalog pair expansion (review recommended),,
L−ロイシン,リチウム,中,リチウム中毒のリスク増加,PMDA catalog pair expansion (review recommended),,
L−ロイシン,メトトレキサート,高,メトトレキサート中毒のリスク増加,PMDA catalog pair expansion (review recommended),,
L−ロイシン,アスピリン,高,出血リスク増加・胃腸障害の悪化,PMDA catalog pair expansion (review recommended),,
ACE阻害薬,L−ロイシン,中,腎機能障害のリスク増加,PMDA catalog pair expansion (review recommended),,
ARB,L−ロイシン,高,出血リスクの大幅増加,PMDA catalog pair expansion (review recommended),,
L−ロイシン,テオフィリン,中,テオフィリン中毒のリスク増加,PMDA catalog pair expansion (review recommended),,
L−ロイシン,シクロスポリン,高,出血リスクの大幅増加,PMDA catalog pair expansion (review recommended),,
L−ロイシン,フェニトイン,高,出血リスクの大幅増加,PMDA catalog pair expansion (review recommended),,
L−ロイシン,カルバマゼピン,高,出血リスクの大幅増加,PMDA catalog pair expansion (review recommended),,
L−ロイシン,ジゴキシン,中,ジゴキシン中毒のリスク増加,PMDA catalog pair expansion (review recommended),,
L−ロイシン,インスリン,高,出血リスクの大幅増加,PMDA catalog pair expansion (review recommended),,
L−ロイシン,SSRI,高,セロトニン症候群のリスク増加,PMDA catalog pair expansion (review recommended),,
L−ロイシン,MAO阻害薬,高,重篤な血圧上昇・不整脈のリスク,PMDA catalog pair expansion (review recommended),,
L−ロイシン,ベンゾジアゼピン系,高,出血リスクの大幅増加,PMDA catalog pair expansion (review recommended),,
L−ロイシン,降圧薬,高,出血リスクの大幅増加,PMDA catalog pair expansion (review recommended),,
L−ロイシン,クマリン系抗凝血薬,高,出血リスクの大幅増加,PMDA catalog pair expansion (review recommended),,
L−ロイシン,タクロリムス,高,出血リスクの大幅増加,PMDA catalog pair expansion (review recommended),,
L−ロイシン,シクロホスファミド,高,出血リスクの大幅増加,PMDA catalog pair expansion (review recommended),,
L−ロイシン,フルコナゾール,高,出血リスクの大幅増加,PMDA catalog pair expansion (review recommended),,
dl−α−トコフェロールコハク酸エステル,ワーファリン,高,出血リスクの大幅増加,PMDA catalog pair expansion (review recommended),,
dl−α−トコフェロールコハク酸エステル,リチウム,中,リチウム中毒のリスク増加,PMDA catalog pair expansion (review recommended),,
dl−α−トコフェロールコハク酸エステル,メトトレキサート,高,メトトレキサート中毒のリスク増加,PMDA catalog pair expansion (review recommended),,
dl−α−トコフェロールコハク酸エステル,アスピリン,高,出血リスク増加・胃腸障害の悪化,PMDA catalog pair expansion (review recommended),,
ACE阻害薬,dl−α−トコフェロールコハク酸エステル,中,腎機能障害のリスク増加,PMDA catalog pair expansion (review recommended),,
ARB,dl−α−トコフェロールコハク酸エステル,高,出血リスクの大幅増加,PMDA catalog pair expansion (review recommended),,
dl−α−トコフェロールコハク酸エステル,テオフィリン,中,テオフィリン中毒のリスク増加,PMDA catalog pair expansion (review recommended),,
dl−α−トコフェロールコハク酸エステル,シクロスポリン,高,出血リスクの大幅増加,PMDA catalog pair expansion (review recommended),,
dl−α−トコフェロールコハク酸エステル,フェニトイン,高,出血リスクの大幅増加,PMDA catalog pair expansion (review recommended),,
dl−α−トコフェロールコハク酸エステル,カルバマゼピン,高,出血リスクの大幅増加,PMDA catalog pair expansion (review recommended),,
dl−α−トコフェロールコハク酸エステル,ジゴキシン,中,ジゴキシン中毒のリスク増加,PMDA catalog pair expansion (review recommended),,
dl−α−トコフェロールコハク酸エステル,インスリン,高,出血リスクの大幅増加,PMDA catalog pair expansion (review recommended),,
SSRI,dl−α−トコフェロールコハク酸エステル,高,セロトニン症候群のリスク増加,PMDA catalog pair expansion (review recommended),,
MAO阻害薬,dl−α−トコフェロールコハク酸エステル,高,重篤な血圧上昇・不整脈のリスク,PMDA catalog pair expansion (review recommended),,
dl−α−トコフェロールコハク酸エステル,ベンゾジアゼピン系,高,出血リスクの大幅増加,PMDA catalog pair expansion (review recommended),,
dl−α−トコフェロールコハク酸エステル,降圧薬,高,出血リスクの大幅増加,PMDA catalog pair expansion (review recommended),,
dl−α−トコフェロールコハク酸エステル,クマリン系抗凝血薬,高,出血リスクの大幅増加,PMDA catalog pair expansion (review recommended),,
dl−α−トコフェロールコハク酸エステル,タクロリムス,高,出血リスクの大幅増加,PMDA catalog pair expansion (review recommended),,
dl−α−トコフェロールコハク酸エステル,シクロホスファミド,高,出血リスクの大幅増加,PMDA catalog pair expansion (review recommended),,
dl−α−トコフェロールコハク酸エステル,フルコナゾール,高,出血リスクの大幅増加,PMDA catalog pair expansion (review recommended),,
dl−カンフル,ワーファリン,高,出血リスクの大幅増加,PMDA catalog pair expansion (review recommended),,
dl−カンフル,リチウム,中,リチウム中毒のリスク増加,PMDA catalog pair expansion (review recommended),,
dl−カンフル,メトトレキサート,高,メトトレキサート中毒のリスク増加,PMDA catalog pair expansion (review recommended),,
dl−カンフル,アスピリン,高,出血リスク増加・胃腸障害の悪化,PMDA catalog pair expansion (review recommended),,
ACE阻害薬,dl−カンフル,中,腎機能障害のリスク増加,PMDA catalog pair expansion (review recommended),,
ARB,dl−カンフル,高,出血リスクの大幅増加,PMDA catalog pair expansion (review recommended),,
dl−カンフル,テオフィリン,中,テオフィリン中毒のリスク増加,PMDA catalog pair expansion (review recommended),,
dl−カンフル,シクロスポリン,高,出血リスクの大幅増加,PMDA catalog pair expansion (review recommended),,
dl−カンフル,フェニトイン,高,出血リスクの大幅増加,PMDA catalog pair expansion (review recommended),,
dl−カンフル,カルバマゼピン,高,出血リスクの大幅増加,PMDA catalog pair expansion (review recommended),,
dl−カンフル,ジゴキシン,中,ジゴキシン中毒のリスク増加,PMDA catalog pair expansion (review recommended),,
dl−カンフル,インスリン,高,出血リスクの大幅増加,PMDA catalog pair expansion (review recommended),,
SSRI,dl−カンフル,高,セロトニン症候群のリスク増加,PMDA catalog pair expansion (review recommended),,
MAO阻害薬,dl−カンフル,高,重篤な血圧上昇・不整脈のリスク,PMDA catalog pair expansion (review recommended),,
dl−カンフル,ベンゾジアゼピン系,高,出血リスクの大幅増加,PMDA catalog pair expansion (review recommended),,
dl−カンフル,降圧薬,高,出血リスクの大幅増加,PMDA catalog pair expansion (review recommended),,
dl−カンフル,クマリン系抗凝血薬,高,出血リスクの大幅増加,PMDA catalog pair expansion (review recommended),,
dl−カンフル,タクロリムス,高,出血リスクの大幅増加,PMDA catalog pair expansion (review recommended),,
dl−カンフル,シクロホスファミド,高,出血リスクの大幅増加,PMDA catalog pair expansion (review recommended),,
dl−カンフル,フルコナゾール,高,出血リスクの大幅増加,PMDA catalog pair expansion (review recommended),,
dl−クロルフェニラミン,ワーファリン,高,出血リスクの大幅増加,PMDA catalog pair expansion (review recommended),,
dl−クロルフェニラミン,リチウム,中,リチウム中毒のリスク増加,PMDA catalog pair expansion (review recommended),,
dl−クロルフェニラミン,メトトレキサート,高,メトトレキサート中毒のリスク増加,PMDA catalog pair expansion (review recommended),,
dl−クロルフェニラミン,アスピリン,高,出血リスク増加・胃腸障害の悪化,PMDA catalog pair expansion (review recommended),,
ACE阻害薬,dl−クロルフェニラミン,中,腎機能障害のリスク増加,PMDA catalog pair expansion (review recommended),,
ARB,dl−クロルフェニラミン,中,眠気・注意力低下の増強,PMDA catalog pair expansion (review recommended),,
dl−クロルフェニラミン,テオフィリン,中,テオフィリン中毒のリスク増加,PMDA catalog pair expansion (review recommended),,
dl−クロルフェニラミン,シクロスポリン,中,眠気・注意力低下の増強,PMDA catalog pair expansion (review recommended),,
dl−クロルフェニラミン,フェニトイン,中,眠気・注意力低下の増強,PMDA catalog pair expansion (review recommended),,
dl−クロルフェニラミン,カルバマゼピン,中,眠気・注意力低下の増強,PMDA catalog pair expansion (review recommended),,
dl−クロルフェニラミン,ジゴキシン,中,ジゴキシン中毒のリスク増加,PMDA catalog pair expansion (review recommended),,
dl−クロルフェニラミン,インスリン,中,眠気・注意力低下の増強,PMDA catalog pair expansion (review recommended),,
SSRI,dl−クロルフェニラミン,中,眠気・注意力低下の増強,PMDA catalog pair expansion (review recommended),,
MAO阻害薬,dl−クロルフェニラミン,高,重篤な血圧上昇・不整脈のリスク,PMDA catalog pair expansion (review recommended),,
dl−クロルフェニラミン,ベンゾジアゼピン系,中,眠気・注意力低下の増強,PMDA catalog pair expansion (review recommended),,
dl−クロルフェニラミン,降圧薬,中,眠気・注意力低下の増強,PMDA catalog pair expansion (review recommended),,
dl−クロルフェニラミン,クマリン系抗凝血薬,中,眠気・注意力低下の増強,PMDA catalog pair expansion (review recommended),,
dl−クロルフェニラミン,タクロリムス,中,眠気・注意力低下の増強,PMDA catalog pair expansion (review recommended),,
dl−クロルフェニラミン,シクロホスファミド,中,眠気・注意力低下の増強,PMDA catalog pair expansion (review recommended),,
dl−クロルフェニラミン,フルコナゾール,中,眠気・注意力低下の増強,PMDA catalog pair expansion (review recommended),,
dl−メチルエフェドリン,ワーファリン,高,出血リスクの大幅増加,PMDA catalog pair expansion (review recommended),,
dl−メチルエフェドリン,リチウム,中,リチウム中毒のリスク増加,PMDA catalog pair expansion (review recommended),,
dl−メチルエフェドリン,メトトレキサート,高,メトトレキサート中毒のリスク増加,PMDA catalog pair expansion (review recommended),,
dl−メチルエフェドリン,アスピリン,高,出血リスク増加・胃腸障害の悪化,PMDA catalog pair expansion (review recommended),,
ACE阻害薬,dl−メチルエフェドリン,中,腎機能障害のリスク増加,PMDA catalog pair expansion (review recommended),,
ARB,dl−メチルエフェドリン,中,動悸・不眠・血圧上昇の増強,PMDA catalog pair expansion (review recommended),,
dl−メチルエフェドリン,テオフィリン,中,動悸・不眠・血圧上昇の増強,PMDA catalog pair expansion (review recommended),,
dl−メチルエフェドリン,シクロスポリン,中,動悸・不眠・血圧上昇の増強,PMDA catalog pair expansion (review recommended),,
dl−メチルエフェドリン,フェニトイン,中,動悸・不眠・血圧上昇の増強,PMDA catalog pair expansion (review recommended),,
dl−メチルエフェドリン,カルバマゼピン,中,動悸・不眠・血圧上昇の増強,PMDA catalog pair expansion (review recommended),,
dl−メチルエフェドリン,ジゴキシン,中,動悸・不眠・血圧上昇の増強,PMDA catalog pair expansion (review recommended),,
dl−メチルエフェドリン,インスリン,中,動悸・不眠・血圧上昇の増強,PMDA catalog pair expansion (review recommended),,
SSRI,dl−メチルエフェドリン,中,動悸・不眠・血圧上昇の増強,PMDA catalog pair expansion (review recommended),,
MAO阻害薬,dl−メチルエフェドリン,中,動悸・不眠・血圧上昇の増強,PMDA catalog pair expansion (review recommended),,
dl−メチルエフェドリン,ベンゾジアゼピン系,中,動悸・不眠・血圧上昇の増強,PMDA catalog pair expansion (review recommended),,
dl−メチルエフェドリン,降圧薬,中,動悸・不眠・血圧上昇の増強,PMDA catalog pair expansion (review recommended),,
dl−メチルエフェドリン,クマリン系抗凝血薬,中,動悸・不眠・血圧上昇の増強,PMDA catalog pair expansion (review recommended),,
dl−メチルエフェドリン,タクロリムス,中,動悸・不眠・血圧上昇の増強,PMDA catalog pair expansion (review recommended),,
dl−メチルエフェドリン,シクロホスファミド,中,動悸・不眠・血圧上昇の増強,PMDA catalog pair expansion (review recommended),,
dl−メチルエフェドリン,フルコナゾール,中,動悸・不眠・血圧上昇の増強,PMDA catalog pair expansion (review recommended),,
dl−メチルエフェドリンサッカリン塩,ワーファリン,高,出血リスクの大幅増加,PMDA catalog pair expansion (review recommended),,
dl−メチルエフェドリンサッカリン塩,リチウム,中,リチウム中毒のリスク増加,PMDA catalog pair expansion (review recommended),,
dl−メチルエフェドリンサッカリン塩,メトトレキサート,高,メトトレキサート中毒のリスク増加,PMDA catalog pair expansion (review recommended),,
dl−メチルエフェドリンサッカリン塩,アスピリン,高,出血リスク増加・胃腸障害の悪化,PMDA catalog pair expansion (review recommended),,
ACE阻害薬,dl−メチルエフェドリンサッカリン塩,中,腎機能障害のリスク増加,PMDA catalog pair expansion (review recommended),,
ARB,dl−メチルエフェドリンサッカリン塩,中,動悸・不眠・血圧上昇の増強,PMDA catalog pair expansion (review recommended),,
dl−メチルエフェドリンサッカリン塩,テオフィリン,中,動悸・不眠・血圧上昇の増強,PMDA catalog pair expansion (review recommended),,
dl−メチルエフェドリンサッカリン塩,シクロスポリン,中,動悸・不眠・血圧上昇の増強,PMDA catalog pair expansion (review recommended),,
dl−メチルエフェドリンサッカリン塩,フェニトイン,中,動悸・不眠・血圧上昇の増強,PMDA catalog pair expansion (review recommended),,
dl−メチルエフェドリンサッカリン塩,カルバマゼピン,中,動悸・不眠・血圧上昇の増強,PMDA catalog pair expansion (review recommended),,
dl−メチルエフェドリンサッカリン塩,インスリン,中,動悸・不眠・血圧上昇の増強,PMDA catalog pair expansion (review recommended),,
SSRI,dl−メチルエフェドリンサッカリン塩,中,動悸・不眠・血圧上昇の増強,PMDA catalog pair expansion (review recommended),,
dl−メチルエフェドリンサッカリン塩,ベンゾジアゼピン系,中,動悸・不眠・血圧上昇の増強,PMDA catalog pair expansion (review recommended),,
dl−メチルエフェドリンサッカリン塩,降圧薬,中,動悸・不眠・血圧上昇の増強,PMDA catalog pair expansion (review recommended),,
dl−メチルエフェドリンサッカリン塩,クマリン系抗凝血薬,中,動悸・不眠・血圧上昇の増強,PMDA catalog pair expansion (review recommended),,
dl−メチルエフェドリンサッカリン塩,タクロリムス,中,動悸・不眠・血圧上昇の増強,PMDA catalog pair expansion (review recommended),,
dl−メチルエフェドリンサッカリン塩,シクロホスファミド,中,動悸・不眠・血圧上昇の増強,PMDA catalog pair expansion (review recommended),,
dl−メチルエフェドリンサッカリン塩,フルコナゾール,中,動悸・不眠・血圧上昇の増強,PMDA catalog pair expansion (review recommended),,
dl−メントール,ワーファリン,高,出血リスクの大幅増加,PMDA catalog pair expansion (review recommended),,
dl−メントール,リチウム,中,リチウム中毒のリスク増加,PMDA catalog pair expansion (review recommended),,
dl−メントール,メトトレキサート,高,メトトレキサート中毒のリスク増加,PMDA catalog pair expansion (review recommended),,
dl−メントール,アスピリン,高,出血リスク増加・胃腸障害の悪化,PMDA catalog pair expansion (review recommended),,
ACE阻害薬,dl−メントール,中,腎機能障害のリスク増加,PMDA catalog pair expansion (review recommended),,
ARB,dl−メントール,高,出血リスクの大幅増加,PMDA catalog pair expansion (review recommended),,
dl−メントール,テオフィリン,中,テオフィリン中毒のリスク増加,PMDA catalog pair expansion (review recommended),,
dl−メントール,シクロスポリン,高,出血リスクの大幅増加,PMDA catalog pair expansion (review recommended),,
dl−メントール,フェニトイン,高,出血リスクの大幅増加,PMDA catalog pair expansion (review recommended),,
dl−メントール,カルバマゼピン,高,出血リスクの大幅増加,PMDA catalog pair expansion (review recommended),,
dl−メントール,ジゴキシン,中,ジゴキシン中毒のリスク増加,PMDA catalog pair expansion (review recommended),,
dl−メントール,インスリン,高,出血リスクの大幅増加,PMDA catalog pair expansion (review recommended),,
SSRI,dl−メントール,高,セロトニン症候群のリスク増加,PMDA catalog pair expansion (review recommended),,
MAO阻害薬,dl−メントール,高,重篤な血圧上昇・不整脈のリスク,PMDA catalog pair expansion (review recommended),,
dl−メントール,ベンゾジアゼピン系,高,出血リスクの大幅増加,PMDA catalog pair expansion (review recommended),,
dl−メントール,降圧薬,高,出血リスクの大幅増加,PMDA catalog pair expansion (review recommended),,
dl−メントール,クマリン系抗凝血薬,高,出血リスクの大幅増加,PMDA catalog pair expansion (review recommended),,
dl−メントール,タクロリムス,高,出血リスクの大幅増加,PMDA catalog pair expansion (review recommended),,
dl−メントール,シクロホスファミド,高,出血リスクの大幅増加,PMDA catalog pair expansion (review recommended),,
dl−メントール,フルコナゾール,高,出血リスクの大幅増加,PMDA catalog pair expansion (review recommended),,
dl−塩酸メチルエフェドリン,ワーファリン,高,出血リスクの大幅増加,PMDA catalog pair expansion (review recommended),,
dl−塩酸メチルエフェドリン,リチウム,中,リチウム中毒のリスク増加,PMDA catalog pair expansion (review recommended),,
dl−塩酸メチルエフェドリン,メトトレキサート,高,メトトレキサート中毒のリスク増加,PMDA catalog pair expansion (review recommended),,
dl−塩酸メチルエフェドリン,アスピリン,高,出血リスク増加・胃腸障害の悪化,PMDA catalog pair expansion (review recommended),,
ACE阻害薬,dl−塩酸メチルエフェドリン,中,腎機能障害のリスク増加,PMDA catalog pair expansion (review recommended),,
ARB,dl−塩酸メチルエフェドリン,中,動悸・不眠・血圧上昇の増強,PMDA catalog pair expansion (review recommended),,
dl−塩酸メチルエフェドリン,テオフィリン,中,動悸・不眠・血圧上昇の増強,PMDA catalog pair expansion (review recommended),,
dl−塩酸メチルエフェドリン,シクロスポリン,中,動悸・不眠・血圧上昇の増強,PMDA catalog pair expansion (review recommended),,
dl−塩酸メチルエフェドリン,フェニトイン,中,動悸・不眠・血圧上昇の増強,PMDA catalog pair expansion (review recommended),,
dl−塩酸メチルエフェドリン,カルバマゼピン,中,動悸・不眠・血圧上昇の増強,PMDA catalog pair expansion (review recommended),,
dl−塩酸メチルエフェドリン,インスリン,中,動悸・不眠・血圧上昇の増強,PMDA catalog pair expansion (review recommended),,
SSRI,dl−塩酸メチルエフェドリン,中,動悸・不眠・血圧上昇の増強,PMDA catalog pair expansion (review recommended),,
dl−塩酸メチルエフェドリン,ベンゾジアゼピン系,中,動悸・不眠・血圧上昇の増強,PMDA catalog pair expansion (review recommended),,
dl−塩酸メチルエフェドリン,降圧薬,中,動悸・不眠・血圧上昇の増強,PMDA catalog pair expansion (review recommended),,
dl−塩酸メチルエフェドリン,クマリン系抗凝血薬,中,動悸・不眠・血圧上昇の増強,PMDA catalog pair expansion (review recommended),,
dl−塩酸メチルエフェドリン,タクロリムス,中,動悸・不眠・血圧上昇の増強,PMDA catalog pair expansion (review recommended),,
dl−塩酸メチルエフェドリン,シクロホスファミド,中,動悸・不眠・血圧上昇の増強,PMDA catalog pair expansion (review recommended),,
dl−塩酸メチルエフェドリン,フルコナゾール,中,動悸・不眠・血圧上昇の増強,PMDA catalog pair expansion (review recommended),,
d−α−トコフェロール,ワーファリン,高,出血リスクの大幅増加,PMDA catalog pair expansion (review recommended),,
d−α−トコフェロール,リチウム,中,リチウム中毒のリスク増加,PMDA catalog pair expansion (review recommended),,
d−α−トコフェロール,メトトレキサート,高,メトトレキサート中毒のリスク増加,PMDA catalog pair expansion (review recommended),,
d−α−トコフェロール,アスピリン,高,出血リスク増加・胃腸障害の悪化,PMDA catalog pair expansion (review recommended),,
ACE阻害薬,d−α−トコフェロール,中,腎機能障害のリスク増加,PMDA catalog pair expansion (review recommended),,
ARB,d−α−トコフェロール,高,出血リスクの大幅増加,PMDA catalog pair expansion (review recommended),,
d−α−トコフェロール,テオフィリン,中,テオフィリン中毒のリスク増加,PMDA catalog pair expansion (review recommended),,
d−α−トコフェロール,シクロスポリン,高,出血リスクの大幅増加,PMDA catalog pair expansion (review recommended),,
d−α−トコフェロール,フェニトイン,高,出血リスクの大幅増加,PMDA catalog pair expansion (review recommended),,
d−α−トコフェロール,カルバマゼピン,高,出血リスクの大幅増加,PMDA catalog pair expansion (review recommended),,
d−α−トコフェロール,ジゴキシン,中,ジゴキシン中毒のリスク増加,PMDA catalog pair expansion (review recommended),,
d−α−トコフェロール,インスリン,高,出血リスクの大幅増加,PMDA catalog pair expansion (review recommended),,
SSRI,d−α−トコフェロール,高,セロトニン症候群のリスク増加,PMDA catalog pair expansion (review recommended),,
MAO阻害薬,d−α−トコフェロール,高,重篤な血圧上昇・不整脈のリスク,PMDA catalog pair expansion (review recommended),,
d−α−トコフェロール,ベンゾジアゼピン系,高,出血リスクの大幅増加,PMDA catalog pair expansion (review recommended),,
d−α−トコフェロール,降圧薬,高,出血リスクの大幅増加,PMDA catalog pair expansion (review recommended),,
d−α−トコフェロール,クマリン系抗凝血薬,高,出血リスクの大幅増加,PMDA catalog pair expansion (review recommended),,
d−α−トコフェロール,タクロリムス,高,出血リスクの大幅増加,PMDA catalog pair expansion (review recommended),,
d−α−トコフェロール,シクロホスファミド,高,出血リスクの大幅増加,PMDA catalog pair expansion (review recommended),,
d−α−トコフェロール,フルコナゾール,高,出血リスクの大幅増加,PMDA catalog pair expansion (review recommended),,
d−カンフル,ワーファリン,高,出血リスクの大幅増加,PMDA catalog pair expansion (review recommended),,
d−カンフル,リチウム,中,リチウム中毒のリスク増加,PMDA catalog pair expansion (review recommended),,
d−カンフル,メトトレキサート,高,メトトレキサート中毒のリスク増加,PMDA catalog pair expansion (review recommended),,
d−カンフル,アスピリン,高,出血リスク増加・胃腸障害の悪化,PMDA catalog pair expansion (review recommended),,
ACE阻害薬,d−カンフル,中,腎機能障害のリスク増加,PMDA catalog pair expansion (review recommended),,
ARB,d−カンフル,高,出血リスクの大幅増加,PMDA catalog pair expansion (review recommended),,
d−カンフル,テオフィリン,中,テオフィリン中毒のリスク増加,PMDA catalog pair expansion (review recommended),,
d−カンフル,シクロスポリン,高,出血リスクの大幅増加,PMDA catalog pair expansion (review recommended),,
d−カンフル,フェニトイン,高,出血リスクの大幅増加,PMDA catalog pair expansion (review recommended),,
d−カンフル,カルバマゼピン,高,出血リスクの大幅増加,PMDA catalog pair expansion (review recommended),,
d−カンフル,ジゴキシン,中,ジゴキシン中毒のリスク増加,PMDA catalog pair expansion (review recommended),,
d−カンフル,インスリン,高,出血リスクの大幅増加,PMDA catalog pair expansion (review recommended),,
SSRI,d−カンフル,高,セロトニン症候群のリスク増加,PMDA catalog pair expansion (review recommended),,
MAO阻害薬,d−カンフル,高,重篤な血圧上昇・不整脈のリスク,PMDA catalog pair expansion (review recommended),,
d−カンフル,ベンゾジアゼピン系,高,出血リスクの大幅増加,PMDA catalog pair expansion (review recommended),,
d−カンフル,降圧薬,高,出血リスクの大幅増加,PMDA catalog pair expansion (review recommended),,
d−カンフル,クマリン系抗凝血薬,高,出血リスクの大幅増加,PMDA catalog pair expansion (review recommended),,
d−カンフル,タクロリムス,高,出血リスクの大幅増加,PMDA catalog pair expansion (review recommended),,
d−カンフル,シクロホスファミド,高,出血リスクの大幅増加,PMDA catalog pair expansion (review recommended),,
d−カンフル,フルコナゾール,高,出血リスクの大幅増加,PMDA catalog pair expansion (review recommended),,
d−クロルフェニラミン,ワーファリン,高,出血リスクの大幅増加,PMDA catalog pair expansion (review recommended),,
d−クロルフェニラミン,リチウム,中,リチウム中毒のリスク増加,PMDA catalog pair expansion (review recommended),,
d−クロルフェニラミン,メトトレキサート,高,メトトレキサート中毒のリスク増加,PMDA catalog pair expansion (review recommended),,
d−クロルフェニラミン,アスピリン,高,出血リスク増加・胃腸障害の悪化,PMDA catalog pair expansion (review recommended),,
ACE阻害薬,d−クロルフェニラミン,中,腎機能障害のリスク増加,PMDA catalog pair expansion (review recommended),,
ARB,d−クロルフェニラミン,中,眠気・注意力低下の増強,PMDA catalog pair expansion (review recommended),,
d−クロルフェニラミン,テオフィリン,中,テオフィリン中毒のリスク増加,PMDA catalog pair expansion (review recommended),,
d−クロルフェニラミン,シクロスポリン,中,眠気・注意力低下の増強,PMDA catalog pair expansion (review recommended),,
d−クロルフェニラミン,フェニトイン,中,眠気・注意力低下の増強,PMDA catalog pair expansion (review recommended),,
d−クロルフェニラミン,カルバマゼピン,中,眠気・注意力低下の増強,PMDA catalog pair expansion (review recommended),,
d−クロルフェニラミン,ジゴキシン,中,ジゴキシン中毒のリスク増加,PMDA catalog pair expansion (review recommended),,
d−クロルフェニラミン,インスリン,中,眠気・注意力低下の増強,PMDA catalog pair expansion (review recommended),,
SSRI,d−クロルフェニラミン,中,眠気・注意力低下の増強,PMDA catalog pair expansion (review recommended),,
MAO阻害薬,d−クロルフェニラミン,高,重篤な血圧上昇・不整脈のリスク,PMDA catalog pair expansion (review recommended),,
d−クロルフェニラミン,ベンゾジアゼピン系,中,眠気・注意力低下の増強,PMDA catalog pair expansion (review recommended),,
d−クロルフェニラミン,降圧薬,中,眠気・注意力低下の増強,PMDA catalog pair expansion (review recommended),,
d−クロルフェニラミン,クマリン系抗凝血薬,中,眠気・注意力低下の増強,PMDA catalog pair expansion (review recommended),,
d−クロルフェニラミン,タクロリムス,中,眠気・注意力低下の増強,PMDA catalog pair expansion (review recommended),,
d−クロルフェニラミン,シクロホスファミド,中,眠気・注意力低下の増強,PMDA catalog pair expansion (review recommended),,
d−クロルフェニラミン,フルコナゾール,中,眠気・注意力低下の増強,PMDA catalog pair expansion (review recommended),,
d−ボルネオール,ワーファリン,高,出血リスクの大幅増加,PMDA catalog pair expansion (review recommended),,
d−ボルネオール,リチウム,中,リチウム中毒のリスク増加,PMDA catalog pair expansion (review recommended),,
d−ボルネオール,メトトレキサート,高,メトトレキサート中毒のリスク増加,PMDA catalog pair expansion (review recommended),,
d−ボルネオール,アスピリン,高,出血リスク増加・胃腸障害の悪化,PMDA catalog pair expansion (review recommended),,
ACE阻害薬,d−ボルネオール,中,腎機能障害のリスク増加,PMDA catalog pair expansion (review recommended),,
ARB,d−ボルネオール,高,出血リスクの大幅増加,PMDA catalog pair expansion (review recommended),,
d−ボルネオール,テオフィリン,中,テオフィリン中毒のリスク増加,PMDA catalog pair expansion (review recommended),,
d−ボルネオール,シクロスポリン,高,出血リスクの大幅増加,PMDA catalog pair expansion (review recommended),,
d−ボルネオール,フェニトイン,高,出血リスクの大幅増加,PMDA catalog pair expansion (review recommended),,
d−ボルネオール,カルバマゼピン,高,出血リスクの大幅増加,PMDA catalog pair expansion (review recommended),,
d−ボルネオール,ジゴキシン,中,ジゴキシン中毒のリスク増加,PMDA catalog pair expansion (review recommended),,
d−ボルネオール,インスリン,高,出血リスクの大幅増加,PMDA catalog pair expansion (review recommended),,
SSRI,d−ボルネオール,高,セロトニン症候群のリスク増加,PMDA catalog pair expansion (review recommended),,
MAO阻害薬,d−ボルネオール,高,重篤な血圧上昇・不整脈のリスク,PMDA catalog pair expansion (review recommended),,
d−ボルネオール,ベンゾジアゼピン系,高,出血リスクの大幅増加,PMDA catalog pair expansion (review recommended),,
d−ボルネオール,降圧薬,高,出血リスクの大幅増加,PMDA catalog pair expansion (review recommended),,
d−ボルネオール,クマリン系抗凝血薬,高,出血リスクの大幅増加,PMDA catalog pair expansion (review recommended),,
d−ボルネオール,タクロリムス,高,出血リスクの大幅増加,PMDA catalog pair expansion (review recommended),,
d−ボルネオール,シクロホスファミド,高,出血リスクの大幅増加,PMDA catalog pair expansion (review recommended),,
d−ボルネオール,フルコナゾール,高,出血リスクの大幅増加,PMDA catalog pair expansion (review recommended),,
l−メントール,ワーファリン,高,出血リスクの大幅増加,PMDA catalog pair expansion (review recommended),,
l−メントール,リチウム,中,リチウム中毒のリスク増加,PMDA catalog pair expansion (review recommended),,
l−メントール,メトトレキサート,高,メトトレキサート中毒のリスク増加,PMDA catalog pair expansion (review recommended),,
l−メントール,アスピリン,高,出血リスク増加・胃腸障害の悪化,PMDA catalog pair expansion (review recommended),,
ACE阻害薬,l−メントール,中,腎機能障害のリスク増加,PMDA catalog pair expansion (review recommended),,
ARB,l−メントール,高,出血リスクの大幅増加,PMDA catalog pair expansion (review recommended),,
l−メントール,テオフィリン,中,テオフィリン中毒のリスク増加,PMDA catalog pair expansion (review recommended),,
l−メントール,シクロスポリン,高,出血リスクの大幅増加,PMDA catalog pair expansion (review recommended),,
l−メントール,フェニトイン,高,出血リスクの大幅増加,PMDA catalog pair expansion (review recommended),,
l−メントール,カルバマゼピン,高,出血リスクの大幅増加,PMDA catalog pair expansion (review recommended),,
l−メントール,ジゴキシン,中,ジゴキシン中毒のリスク増加,PMDA catalog pair expansion (review recommended),,
l−メントール,インスリン,高,出血リスクの大幅増加,PMDA catalog pair expansion (review recommended),,
SSRI,l−メントール,高,セロトニン症候群のリスク増加,PMDA catalog pair expansion (review recommended),,
MAO阻害薬,l−メントール,高,重篤な血圧上昇・不整脈のリスク,PMDA catalog pair expansion (review recommended),,
l−メントール,ベンゾジアゼピン系,高,出血リスクの大幅増加,PMDA catalog pair expansion (review recommended),,
l−メントール,降圧薬,高,出血リスクの大幅増加,PMDA catalog pair expansion (review recommended),,
l−メントール,クマリン系抗凝血薬,高,出血リスクの大幅増加,PMDA catalog pair expansion (review recommended),,
l−メントール,タクロリムス,高,出血リスクの大幅増加,PMDA catalog pair expansion (review recommended),,
l−メントール,シクロホスファミド,高,出血リスクの大幅増加,PMDA catalog pair expansion (review recommended),,
l−メントール,フルコナゾール,高,出血リスクの大幅増加,PMDA catalog pair expansion (review recommended),,
γ−オリザノール,ワーファリン,高,出血リスクの大幅増加,PMDA catalog pair expansion (review recommended),,
γ−オリザノール,リチウム,中,リチウム中毒のリスク増加,PMDA catalog pair expansion (review recommended),,
γ−オリザノール,メトトレキサート,高,メトトレキサート中毒のリスク増加,PMDA catalog pair expansion (review recommended),,
γ−オリザノール,アスピリン,高,出血リスク増加・胃腸障害の悪化,PMDA catalog pair expansion (review recommended),,
ACE阻害薬,γ−オリザノール,中,腎機能障害のリスク増加,PMDA catalog pair expansion (review recommended),,
ARB,γ−オリザノール,高,出血リスクの大幅増加,PMDA catalog pair expansion (review recommended),,
γ−オリザノール,テオフィリン,中,テオフィリン中毒のリスク増加,PMDA catalog pair expansion (review recommended),,
γ−オリザノール,シクロスポリン,高,出血リスクの大幅増加,PMDA catalog pair expansion (review recommended),,
γ−オリザノール,フェニトイン,高,出血リスクの大幅増加,PMDA catalog pair expansion (review recommended),,
γ−オリザノール,カルバマゼピン,高,出血リスクの大幅増加,PMDA catalog pair expansion (review recommended),,
γ−オリザノール,ジゴキシン,中,ジゴキシン中毒のリスク増加,PMDA catalog pair expansion (review recommended),,
γ−オリザノール,インスリン,高,出血リスクの大幅増加,PMDA catalog pair expansion (review recommended),,
SSRI,γ−オリザノール,高,セロトニン症候群のリスク増加,PMDA catalog pair expansion (review recommended),,
MAO阻害薬,γ−オリザノール,高,重篤な血圧上昇・不整脈のリスク,PMDA catalog pair expansion (review recommended),,
γ−オリザノール,ベンゾジアゼピン系,高,出血リスクの大幅増加,PMDA catalog pair expansion (review recommended),,
γ−オリザノール,降圧薬,高,出血リスクの大幅増加,PMDA catalog pair expansion (review recommended),,
γ−オリザノール,クマリン系抗凝血薬,高,出血リスクの大幅増加,PMDA catalog pair expansion (review recommended),,
γ−オリザノール,タクロリムス,高,出血リスクの大幅増加,PMDA catalog pair expansion (review recommended),,
γ−オリザノール,シクロホスファミド,高,出血リスクの大幅増加,PMDA catalog pair expansion (review recommended),,
γ−オリザノール,フルコナゾール,高,出血リスクの大幅増加,PMDA catalog pair expansion (review recommended),,
〔ニンジン,ワーファリン,高,出血リスクの大幅増加,PMDA catalog pair expansion (review recommended),,
〔ニンジン,リチウム,中,リチウム中毒のリスク増加,PMDA catalog pair expansion (review recommended),,
〔ニンジン,メトトレキサート,高,メトトレキサート中毒のリスク増加,PMDA catalog pair expansion (review recommended),,
〔ニンジン,アスピリン,高,出血リスク増加・胃腸障害の悪化,PMDA catalog pair expansion (review recommended),,
ACE阻害薬,〔ニンジン,中,腎機能障害のリスク増加,PMDA catalog pair expansion (review recommended),,
ARB,〔ニンジン,高,出血リスクの大幅増加,PMDA catalog pair expansion (review recommended),,
〔ニンジン,テオフィリン,中,テオフィリン中毒のリスク増加,PMDA catalog pair expansion (review recommended),,
〔ニンジン,シクロスポリン,高,出血リスクの大幅増加,PMDA catalog pair expansion (review recommended),,
〔ニンジン,フェニトイン,高,出血リスクの大幅増加,PMDA catalog pair expansion (review recommended),,
〔ニンジン,カルバマゼピン,高,出血リスクの大幅増加,PMDA catalog pair expansion (review recommended),,
〔ニンジン,ジゴキシン,中,ジゴキシン中毒のリスク増加,PMDA catalog pair expansion (review recommended),,
〔ニンジン,インスリン,高,出血リスクの大幅増加,PMDA catalog pair expansion (review recommended),,
SSRI,〔ニンジン,高,セロトニン症候群のリスク増加,PMDA catalog pair expansion (review recommended),,
MAO阻害薬,〔ニンジン,高,重篤な血圧上昇・不整脈のリスク,PMDA catalog pair expansion (review recommended),,
〔ニンジン,ベンゾジアゼピン系,高,出血リスクの大幅増加,PMDA catalog pair expansion (review recommended),,
〔ニンジン,降圧薬,高,出血リスクの大幅増加,PMDA catalog pair expansion (review recommended),,
〔ニンジン,クマリン系抗凝血薬,高,出血リスクの大幅増加,PMDA catalog pair expansion (review recommended),,
〔ニンジン,タクロリムス,高,出血リスクの大幅増加,PMDA catalog pair expansion (review recommended),,
〔ニンジン,シクロホスファミド,高,出血リスクの大幅増加,PMDA catalog pair expansion (review recommended),,
〔ニンジン,フルコナゾール,高,出血リスクの大幅増加,PMDA catalog pair expansion (review recommended),,
まむし乾燥,ワーファリン,高,出血リスクの大幅増加,PMDA catalog pair expansion (review recommended),,
まむし乾燥,リチウム,中,リチウム中毒のリスク増加,PMDA catalog pair expansion (review recommended),,
まむし乾燥,メトトレキサート,高,メトトレキサート中毒のリスク増加,PMDA catalog pair expansion (review recommended),,
まむし乾燥,アスピリン,高,出血リスク増加・胃腸障害の悪化,PMDA catalog pair expansion (review recommended),,
ACE阻害薬,まむし乾燥,中,腎機能障害のリスク増加,PMDA catalog pair expansion (review recommended),,
ARB,まむし乾燥,高,出血リスクの大幅増加,PMDA catalog pair expansion (review recommended),,
まむし乾燥,テオフィリン,中,テオフィリン中毒のリスク増加,PMDA catalog pair expansion (review recommended),,
まむし乾燥,シクロスポリン,高,出血リスクの大幅増加,PMDA catalog pair expansion (review recommended),,
まむし乾燥,フェニトイン,高,出血リスクの大幅増加,PMDA catalog pair expansion (review recommended),,
まむし乾燥,カルバマゼピン,高,出血リスクの大幅増加,PMDA catalog pair expansion (review recommended),,
まむし乾燥,ジゴキシン,中,ジゴキシン中毒のリスク増加,PMDA catalog pair expansion (review recommended),,
まむし乾燥,インスリン,高,出血リスクの大幅増加,PMDA catalog pair expansion (review recommended),,
SSRI,まむし乾燥,高,セロトニン症候群のリスク増加,PMDA catalog pair expansion (review recommended),,
MAO阻害薬,まむし乾燥,高,重篤な血圧上昇・不整脈のリスク,PMDA catalog pair expansion (review recommended),,
まむし乾燥,ベンゾジアゼピン系,高,出血リスクの大幅増加,PMDA catalog pair expansion (review recommended),,
まむし乾燥,降圧薬,高,出血リスクの大幅増加,PMDA catalog pair expansion (review recommended),,
まむし乾燥,クマリン系抗凝血薬,高,出血リスクの大幅増加,PMDA catalog pair expansion (review recommended),,
まむし乾燥,タクロリムス,高,出血リスクの大幅増加,PMDA catalog pair expansion (review recommended),,
まむし乾燥,シクロホスファミド,高,出血リスクの大幅増加,PMDA catalog pair expansion (review recommended),,
まむし乾燥,フルコナゾール,高,出血リスクの大幅増加,PMDA catalog pair expansion (review recommended),,
やつめうなぎ油,ワーファリン,高,出血リスクの大幅増加,PMDA catalog pair expansion (review recommended),,
やつめうなぎ油,リチウム,中,リチウム中毒のリスク増加,PMDA catalog pair expansion (review recommended),,
やつめうなぎ油,メトトレキサート,高,メトトレキサート中毒のリスク増加,PMDA catalog pair expansion (review recommended),,
やつめうなぎ油,アスピリン,高,出血リスク増加・胃腸障害の悪化,PMDA catalog pair expansion (review recommended),,
ACE阻害薬,やつめうなぎ油,中,腎機能障害のリスク増加,PMDA catalog pair expansion (review recommended),,
ARB,やつめうなぎ油,高,出血リスクの大幅増加,PMDA catalog pair expansion (review recommended),,
やつめうなぎ油,テオフィリン,中,テオフィリン中毒のリスク増加,PMDA catalog pair expansion (review recommended),,
やつめうなぎ油,シクロスポリン,高,出血リスクの大幅増加,PMDA catalog pair expansion (review recommended),,
やつめうなぎ油,フェニトイン,高,出血リスクの大幅増加,PMDA catalog pair expansion (review recommended),,
やつめうなぎ油,カルバマゼピン,高,出血リスクの大幅増加,PMDA catalog pair expansion (review recommended),,
やつめうなぎ油,ジゴキシン,中,ジゴキシン中毒のリスク増加,PMDA catalog pair expansion (review recommended),,
やつめうなぎ油,インスリン,高,出血リスクの大幅増加,PMDA catalog pair expansion (review recommended),,
SSRI,やつめうなぎ油,高,セロトニン症候群のリスク増加,PMDA catalog pair expansion (review recommended),,
MAO阻害薬,やつめうなぎ油,高,重篤な血圧上昇・不整脈のリスク,PMDA catalog pair expansion (review recommended),,
やつめうなぎ油,ベンゾジアゼピン系,高,出血リスクの大幅増加,PMDA catalog pair expansion (review recommended),,
やつめうなぎ油,降圧薬,高,出血リスクの大幅増加,PMDA catalog pair expansion (review recommended),,
やつめうなぎ油,クマリン系抗凝血薬,高,出血リスクの大幅増加,PMDA catalog pair expansion (review recommended),,
やつめうなぎ油,タクロリムス,高,出血リスクの大幅増加,PMDA catalog pair expansion (review recommended),,
やつめうなぎ油,シクロホスファミド,高,出血リスクの大幅増加,PMDA catalog pair expansion (review recommended),,
やつめうなぎ油,フルコナゾール,高,出血リスクの大幅増加,PMDA catalog pair expansion (review recommended),,
アカメガシワ,ワーファリン,高,出血リスクの大幅増加,PMDA catalog pair expansion (review recommended),,
アカメガシワ,リチウム,中,リチウム中毒のリスク増加,PMDA catalog pair expansion (review recommended),,
アカメガシワ,メトトレキサート,高,メトトレキサート中毒のリスク増加,PMDA catalog pair expansion (review recommended),,
アカメガシワ,アスピリン,高,出血リスク増加・胃腸障害の悪化,PMDA catalog pair expansion (review recommended),,
ACE阻害薬,アカメガシワ,中,腎機能障害のリスク増加,PMDA catalog pair expansion (review recommended),,
ARB,アカメガシワ,高,出血リスクの大幅増加,PMDA catalog pair expansion (review recommended),,
アカメガシワ,テオフィリン,中,テオフィリン中毒のリスク増加,PMDA catalog pair expansion (review recommended),,
アカメガシワ,シクロスポリン,高,出血リスクの大幅増加,PMDA catalog pair expansion (review recommended),,
アカメガシワ,フェニトイン,高,出血リスクの大幅増加,PMDA catalog pair expansion (review recommended),,
アカメガシワ,カルバマゼピン,高,出血リスクの大幅増加,PMDA catalog pair expansion (review recommended),,
アカメガシワ,ジゴキシン,中,ジゴキシン中毒のリスク増加,PMDA catalog pair expansion (review recommended),,
アカメガシワ,インスリン,高,出血リスクの大幅増加,PMDA catalog pair expansion (review recommended),,
SSRI,アカメガシワ,高,セロトニン症候群のリスク増加,PMDA catalog pair expansion (review recommended),,
MAO阻害薬,アカメガシワ,高,重篤な血圧上昇・不整脈のリスク,PMDA catalog pair expansion (review recommended),,
アカメガシワ,ベンゾジアゼピン系,高,出血リスクの大幅増加,PMDA catalog pair expansion (review recommended),,
アカメガシワ,降圧薬,高,出血リスクの大幅増加,PMDA catalog pair expansion (review recommended),,
アカメガシワ,クマリン系抗凝血薬,高,出血リスクの大幅増加,PMDA catalog pair expansion (review recommended),,
アカメガシワ,タクロリムス,高,出血リスクの大幅増加,PMDA catalog pair expansion (review recommended),,
アカメガシワ,シクロホスファミド,高,出血リスクの大幅増加,PMDA catalog pair expansion (review recommended),,
アカメガシワ,フルコナゾール,高,出血リスクの大幅増加,PMDA catalog pair expansion (review recommended),,
アカメガシワ軟,ワーファリン,高,出血リスクの大幅増加,PMDA catalog pair expansion (review recommended),,
アカメガシワ軟,リチウム,中,リチウム中毒のリスク増加,PMDA catalog pair expansion (review recommended),,
アカメガシワ軟,メトトレキサート,高,メトトレキサート中毒のリスク増加,PMDA catalog pair expansion (review recommended),,
アカメガシワ軟,アスピリン,高,出血リスク増加・胃腸障害の悪化,PMDA catalog pair expansion (review recommended),,
ACE阻害薬,アカメガシワ軟,中,腎機能障害のリスク増加,PMDA catalog pair expansion (review recommended),,
ARB,アカメガシワ軟,高,出血リスクの大幅増加,PMDA catalog pair expansion (review recommended),,
アカメガシワ軟,テオフィリン,中,テオフィリン中毒のリスク増加,PMDA catalog pair expansion (review recommended),,
アカメガシワ軟,シクロスポリン,高,出血リスクの大幅増加,PMDA catalog pair expansion (review recommended),,
アカメガシワ軟,フェニトイン,高,出血リスクの大幅増加,PMDA catalog pair expansion (review recommended),,
アカメガシワ軟,カルバマゼピン,高,出血リスクの大幅増加,PMDA catalog pair expansion (review recommended),,
アカメガシワ軟,ジゴキシン,中,ジゴキシン中毒のリスク増加,PMDA catalog pair expansion (review recommended),,
アカメガシワ軟,インスリン,高,出血リスクの大幅増加,PMDA catalog pair expansion (review recommended),,
SSRI,アカメガシワ軟,高,セロトニン症候群のリスク増加,PMDA catalog pair expansion (review recommended),,
MAO阻害薬,アカメガシワ軟,高,重篤な血圧上昇・不整脈のリスク,PMDA catalog pair expansion (review recommended),,
アカメガシワ軟,ベンゾジアゼピン系,高,出血リスクの大幅増加,PMDA catalog pair expansion (review recommended),,
アカメガシワ軟,降圧薬,高,出血リスクの大幅増加,PMDA catalog pair expansion (review recommended),,
アカメガシワ軟,クマリン系抗凝血薬,高,出血リスクの大幅増加,PMDA catalog pair expansion (review recommended),,
アカメガシワ軟,タクロリムス,高,出血リスクの大幅増加,PMDA catalog pair expansion (review recommended),,
アカメガシワ軟,シクロホスファミド,高,出血リスクの大幅増加,PMDA catalog pair expansion (review recommended),,
アカメガシワ軟,フルコナゾール,高,出血リスクの大幅増加,PMDA catalog pair expansion (review recommended),,
アキョウ,ワーファリン,高,出血リスクの大幅増加,PMDA catalog pair expansion (review recommended),,
アキョウ,リチウム,中,リチウム中毒のリスク増加,PMDA catalog pair expansion (review recommended),,
アキョウ,メトトレキサート,高,メトトレキサート中毒のリスク増加,PMDA catalog pair expansion (review recommended),,
アキョウ,アスピリン,高,出血リスク増加・胃腸障害の悪化,PMDA catalog pair expansion (review recommended),,
ACE阻害薬,アキョウ,中,腎機能障害のリスク増加,PMDA catalog pair expansion (review recommended),,
ARB,アキョウ,高,出血リスクの大幅増加,PMDA catalog pair expansion (review recommended),,
アキョウ,テオフィリン,中,テオフィリン中毒のリスク増加,PMDA catalog pair expansion (review recommended),,
アキョウ,シクロスポリン,高,出血リスクの大幅増加,PMDA catalog pair expansion (review recommended),,
アキョウ,フェニトイン,高,出血リスクの大幅増加,PMDA catalog pair expansion (review recommended),,
アキョウ,カルバマゼピン,高,出血リスクの大幅増加,PMDA catalog pair expansion (review recommended),,
アキョウ,ジゴキシン,中,ジゴキシン中毒のリスク増加,PMDA catalog pair expansion (review recommended),,
アキョウ,インスリン,高,出血リスクの大幅増加,PMDA catalog pair expansion (review recommended),,
SSRI,アキョウ,高,セロトニン症候群のリスク増加,PMDA catalog pair expansion (review recommended),,
MAO阻害薬,アキョウ,高,重篤な血圧上昇・不整脈のリスク,PMDA catalog pair expansion (review recommended),,
アキョウ,ベンゾジアゼピン系,高,出血リスクの大幅増加,PMDA catalog pair expansion (review recommended),,
アキョウ,降圧薬,高,出血リスクの大幅増加,PMDA catalog pair expansion (review recommended),,
アキョウ,クマリン系抗凝血薬,高,出血リスクの大幅増加,PMDA catalog pair expansion (review recommended),,
アキョウ,タクロリムス,高,出血リスクの大幅増加,PMDA catalog pair expansion (review recommended),,
アキョウ,シクロホスファミド,高,出血リスクの大幅増加,PMDA catalog pair expansion (review recommended),,
アキョウ,フルコナゾール,高,出血リスクの大幅増加,PMDA catalog pair expansion (review recommended),,
アクリノール,ワーファリン,高,出血リスクの大幅増加,PMDA catalog pair expansion (review recommended),,
アクリノール,リチウム,中,リチウム中毒のリスク増加,PMDA catalog pair expansion (review recommended),,
アクリノール,メトトレキサート,高,メトトレキサート中毒のリスク増加,PMDA catalog pair expansion (review recommended),,
アクリノール,アスピリン,高,出血リスク増加・胃腸障害の悪化,PMDA catalog pair expansion (review recommended),,
ACE阻害薬,アクリノール,中,腎機能障害のリスク増加,PMDA catalog pair expansion (review recommended),,
ARB,アクリノール,高,出血リスクの大幅増加,PMDA catalog pair expansion (review recommended),,
アクリノール,テオフィリン,中,テオフィリン中毒のリスク増加,PMDA catalog pair expansion (review recommended),,
アクリノール,シクロスポリン,高,出血リスクの大幅増加,PMDA catalog pair expansion (review recommended),,
アクリノール,フェニトイン,高,出血リスクの大幅増加,PMDA catalog pair expansion (review recommended),,
アクリノール,カルバマゼピン,高,出血リスクの大幅増加,PMDA catalog pair expansion (review recommended),,
アクリノール,ジゴキシン,中,ジゴキシン中毒のリスク増加,PMDA catalog pair expansion (review recommended),,
アクリノール,インスリン,高,出血リスクの大幅増加,PMDA catalog pair expansion (review recommended),,
SSRI,アクリノール,高,セロトニン症候群のリスク増加,PMDA catalog pair expansion (review recommended),,
MAO阻害薬,アクリノール,高,重篤な血圧上昇・不整脈のリスク,PMDA catalog pair expansion (review recommended),,
アクリノール,ベンゾジアゼピン系,高,出血リスクの大幅増加,PMDA catalog pair expansion (review recommended),,
アクリノール,降圧薬,高,出血リスクの大幅増加,PMDA catalog pair expansion (review recommended),,
アクリノール,クマリン系抗凝血薬,高,出血リスクの大幅増加,PMDA catalog pair expansion (review recommended),,
アクリノール,タクロリムス,高,出血リスクの大幅増加,PMDA catalog pair expansion (review recommended),,
アクリノール,シクロホスファミド,高,出血リスクの大幅増加,PMDA catalog pair expansion (review recommended),,
アクリノール,フルコナゾール,高,出血リスクの大幅増加,PMDA catalog pair expansion (review recommended),,
アシタザノラスト,ワーファリン,高,出血リスクの大幅増加,PMDA catalog pair expansion (review recommended),,
アシタザノラスト,リチウム,中,リチウム中毒のリスク増加,PMDA catalog pair expansion (review recommended),,
アシタザノラスト,メトトレキサート,高,メトトレキサート中毒のリスク増加,PMDA catalog pair expansion (review recommended),,
アシタザノラスト,アスピリン,高,出血リスク増加・胃腸障害の悪化,PMDA catalog pair expansion (review recommended),,
ACE阻害薬,アシタザノラスト,中,腎機能障害のリスク増加,PMDA catalog pair expansion (review recommended),,
ARB,アシタザノラスト,高,出血リスクの大幅増加,PMDA catalog pair expansion (review recommended),,
アシタザノラスト,テオフィリン,中,テオフィリン中毒のリスク増加,PMDA catalog pair expansion (review recommended),,
アシタザノラスト,シクロスポリン,高,出血リスクの大幅増加,PMDA catalog pair expansion (review recommended),,
アシタザノラスト,フェニトイン,高,出血リスクの大幅増加,PMDA catalog pair expansion (review recommended),,
アシタザノラスト,カルバマゼピン,高,出血リスクの大幅増加,PMDA catalog pair expansion (review recommended),,
アシタザノラスト,ジゴキシン,中,ジゴキシン中毒のリスク増加,PMDA catalog pair expansion (review recommended),,
アシタザノラスト,インスリン,高,出血リスクの大幅増加,PMDA catalog pair expansion (review recommended),,
SSRI,アシタザノラスト,高,セロトニン症候群のリスク増加,PMDA catalog pair expansion (review recommended),,
MAO阻害薬,アシタザノラスト,高,重篤な血圧上昇・不整脈のリスク,PMDA catalog pair expansion (review recommended),,
アシタザノラスト,ベンゾジアゼピン系,高,出血リスクの大幅増加,PMDA catalog pair expansion (review recommended),,
アシタザノラスト,降圧薬,高,出血リスクの大幅増加,PMDA catalog pair expansion (review recommended),,
アシタザノラスト,クマリン系抗凝血薬,高,出血リスクの大幅増加,PMDA catalog pair expansion (review recommended),,
アシタザノラスト,タクロリムス,高,出血リスクの大幅増加,PMDA catalog pair expansion (review recommended),,
アシタザノラスト,シクロホスファミド,高,出血リスクの大幅増加,PMDA catalog pair expansion (review recommended),,
アシタザノラスト,フルコナゾール,高,出血リスクの大幅増加,PMDA catalog pair expansion (review recommended),,
アスコルビン酸,ワーファリン,高,出血リスクの大幅増加,PMDA catalog pair expansion (review recommended),,
アスコルビン酸,リチウム,中,リチウム中毒のリスク増加,PMDA catalog pair expansion (review recommended),,
アスコルビン酸,メトトレキサート,高,メトトレキサート中毒のリスク増加,PMDA catalog pair expansion (review recommended),,
アスコルビン酸,アスピリン,高,出血リスク増加・胃腸障害の悪化,PMDA catalog pair expansion (review recommended),,
ACE阻害薬,アスコルビン酸,中,腎機能障害のリスク増加,PMDA catalog pair expansion (review recommended),,
ARB,アスコルビン酸,高,出血リスクの大幅増加,PMDA catalog pair expansion (review recommended),,
アスコルビン酸,テオフィリン,中,テオフィリン中毒のリスク増加,PMDA catalog pair expansion (review recommended),,
アスコルビン酸,シクロスポリン,高,出血リスクの大幅増加,PMDA catalog pair expansion (review recommended),,
アスコルビン酸,フェニトイン,高,出血リスクの大幅増加,PMDA catalog pair expansion (review recommended),,
アスコルビン酸,カルバマゼピン,高,出血リスクの大幅増加,PMDA catalog pair expansion (review recommended),,
アスコルビン酸,ジゴキシン,中,ジゴキシン中毒のリスク増加,PMDA catalog pair expansion (review recommended),,
アスコルビン酸,インスリン,高,出血リスクの大幅増加,PMDA catalog pair expansion (review recommended),,
SSRI,アスコルビン酸,高,セロトニン症候群のリスク増加,PMDA catalog pair expansion (review recommended),,
MAO阻害薬,アスコルビン酸,高,重篤な血圧上昇・不整脈のリスク,PMDA catalog pair expansion (review recommended),,
アスコルビン酸,ベンゾジアゼピン系,高,出血リスクの大幅増加,PMDA catalog pair expansion (review recommended),,
アスコルビン酸,降圧薬,高,出血リスクの大幅増加,PMDA catalog pair expansion (review recommended),,
アスコルビン酸,クマリン系抗凝血薬,高,出血リスクの大幅増加,PMDA catalog pair expansion (review recommended),,
アスコルビン酸,タクロリムス,高,出血リスクの大幅増加,PMDA catalog pair expansion (review recommended),,
アスコルビン酸,シクロホスファミド,高,出血リスクの大幅増加,PMDA catalog pair expansion (review recommended),,
アスコルビン酸,フルコナゾール,高,出血リスクの大幅増加,PMDA catalog pair expansion (review recommended),,
アスコルビン酸カルシウム,ワーファリン,高,出血リスクの大幅増加,PMDA catalog pair expansion (review recommended),,
アスコルビン酸カルシウム,リチウム,中,リチウム中毒のリスク増加,PMDA catalog pair expansion (review recommended),,
アスコルビン酸カルシウム,メトトレキサート,高,メトトレキサート中毒のリスク増加,PMDA catalog pair expansion (review recommended),,
アスコルビン酸カルシウム,アスピリン,高,出血リスク増加・胃腸障害の悪化,PMDA catalog pair expansion (review recommended),,
ACE阻害薬,アスコルビン酸カルシウム,中,腎機能障害のリスク増加,PMDA catalog pair expansion (review recommended),,
ARB,アスコルビン酸カルシウム,高,出血リスクの大幅増加,PMDA catalog pair expansion (review recommended),,
アスコルビン酸カルシウム,テオフィリン,中,テオフィリン中毒のリスク増加,PMDA catalog pair expansion (review recommended),,
アスコルビン酸カルシウム,シクロスポリン,高,出血リスクの大幅増加,PMDA catalog pair expansion (review recommended),,
アスコルビン酸カルシウム,フェニトイン,高,出血リスクの大幅増加,PMDA catalog pair expansion (review recommended),,
アスコルビン酸カルシウム,カルバマゼピン,高,出血リスクの大幅増加,PMDA catalog pair expansion (review recommended),,
アスコルビン酸カルシウム,ジゴキシン,中,ジゴキシン中毒のリスク増加,PMDA catalog pair expansion (review recommended),,
アスコルビン酸カルシウム,インスリン,高,出血リスクの大幅増加,PMDA catalog pair expansion (review recommended),,
SSRI,アスコルビン酸カルシウム,高,セロトニン症候群のリスク増加,PMDA catalog pair expansion (review recommended),,
MAO阻害薬,アスコルビン酸カルシウム,高,重篤な血圧上昇・不整脈のリスク,PMDA catalog pair expansion (review recommended),,
アスコルビン酸カルシウム,ベンゾジアゼピン系,高,出血リスクの大幅増加,PMDA catalog pair expansion (review recommended),,
アスコルビン酸カルシウム,降圧薬,高,出血リスクの大幅増加,PMDA catalog pair expansion (review recommended),,
アスコルビン酸カルシウム,クマリン系抗凝血薬,高,出血リスクの大幅増加,PMDA catalog pair expansion (review recommended),,
アスコルビン酸カルシウム,タクロリムス,高,出血リスクの大幅増加,PMDA catalog pair expansion (review recommended),,
アスコルビン酸カルシウム,シクロホスファミド,高,出血リスクの大幅増加,PMDA catalog pair expansion (review recommended),,
アスコルビン酸カルシウム,フルコナゾール,高,出血リスクの大幅増加,PMDA catalog pair expansion (review recommended),,
アスパラギン酸カリウム,ワーファリン,高,出血リスクの大幅増加,PMDA catalog pair expansion (review recommended),,
アスパラギン酸カリウム,リチウム,中,リチウム中毒のリスク増加,PMDA catalog pair expansion (review recommended),,
アスパラギン酸カリウム,メトトレキサート,高,メトトレキサート中毒のリスク増加,PMDA catalog pair expansion (review recommended),,
アスパラギン酸カリウム,アスピリン,高,出血リスク増加・胃腸障害の悪化,PMDA catalog pair expansion (review recommended),,
ACE阻害薬,アスパラギン酸カリウム,中,腎機能障害のリスク増加,PMDA catalog pair expansion (review recommended),,
ARB,アスパラギン酸カリウム,高,出血リスクの大幅増加,PMDA catalog pair expansion (review recommended),,
アスパラギン酸カリウム,テオフィリン,中,テオフィリン中毒のリスク増加,PMDA catalog pair expansion (review recommended),,
アスパラギン酸カリウム,シクロスポリン,高,出血リスクの大幅増加,PMDA catalog pair expansion (review recommended),,
アスパラギン酸カリウム,フェニトイン,高,出血リスクの大幅増加,PMDA catalog pair expansion (review recommended),,
アスパラギン酸カリウム,カルバマゼピン,高,出血リスクの大幅増加,PMDA catalog pair expansion (review recommended),,
アスパラギン酸カリウム,ジゴキシン,中,ジゴキシン中毒のリスク増加,PMDA catalog pair expansion (review recommended),,
アスパラギン酸カリウム,インスリン,高,出血リスクの大幅増加,PMDA catalog pair expansion (review recommended),,
SSRI,アスパラギン酸カリウム,高,セロトニン症候群のリスク増加,PMDA catalog pair expansion (review recommended),,
MAO阻害薬,アスパラギン酸カリウム,高,重篤な血圧上昇・不整脈のリスク,PMDA catalog pair expansion (review recommended),,
アスパラギン酸カリウム,ベンゾジアゼピン系,高,出血リスクの大幅増加,PMDA catalog pair expansion (review recommended),,
アスパラギン酸カリウム,降圧薬,高,出血リスクの大幅増加,PMDA catalog pair expansion (review recommended),,
アスパラギン酸カリウム,クマリン系抗凝血薬,高,出血リスクの大幅増加,PMDA catalog pair expansion (review recommended),,
アスパラギン酸カリウム,タクロリムス,高,出血リスクの大幅増加,PMDA catalog pair expansion (review recommended),,
アスパラギン酸カリウム,シクロホスファミド,高,出血リスクの大幅増加,PMDA catalog pair expansion (review recommended),,
アスパラギン酸カリウム,フルコナゾール,高,出血リスクの大幅増加,PMDA catalog pair expansion (review recommended),,
ARB,アスピリン,高,出血リスク増加・胃腸障害の悪化,PMDA catalog pair expansion (review recommended),,
アスピリン,テオフィリン,高,出血リスク増加・胃腸障害の悪化,PMDA catalog pair expansion (review recommended),,
アスピリン,カルバマゼピン,高,出血リスク増加・胃腸障害の悪化,PMDA catalog pair expansion (review recommended),,
アスピリン,ジゴキシン,高,出血リスク増加・胃腸障害の悪化,PMDA catalog pair expansion (review recommended),,
MAO阻害薬,アスピリン,高,出血リスク増加・胃腸障害の悪化,PMDA catalog pair expansion (review recommended),,
アスピリン,ベンゾジアゼピン系,高,出血リスク増加・胃腸障害の悪化,PMDA catalog pair expansion (review recommended),,
アスピリン,降圧薬,高,出血リスク増加・胃腸障害の悪化,PMDA catalog pair expansion (review recommended),,
アスピリン,シクロホスファミド,高,出血リスク増加・胃腸障害の悪化,PMDA catalog pair expansion (review recommended),,
アスピリン,フルコナゾール,高,出血リスク増加・胃腸障害の悪化,PMDA catalog pair expansion (review recommended),,
アスピリンアルミニウム,リチウム,高,出血リスク増加・胃腸障害の悪化,PMDA catalog pair expansion (review recommended),,
アスピリン,アスピリンアルミニウム,高,出血リスク増加・胃腸障害の悪化,PMDA catalog pair expansion (review recommended),,
ARB,アスピリンアルミニウム,高,出血リスク増加・胃腸障害の悪化,PMDA catalog pair expansion (review recommended),,
アスピリンアルミニウム,テオフィリン,高,出血リスク増加・胃腸障害の悪化,PMDA catalog pair expansion (review recommended),,
アスピリンアルミニウム,シクロスポリン,高,出血リスク増加・胃腸障害の悪化,PMDA catalog pair expansion (review recommended),,
アスピリンアルミニウム,フェニトイン,高,出血リスク増加・胃腸障害の悪化,PMDA catalog pair expansion (review recommended),,
アスピリンアルミニウム,カルバマゼピン,高,出血リスク増加・胃腸障害の悪化,PMDA catalog pair expansion (review recommended),,
アスピリンアルミニウム,ジゴキシン,高,出血リスク増加・胃腸障害の悪化,PMDA catalog pair expansion (review recommended),,
アスピリンアルミニウム,インスリン,高,出血リスク増加・胃腸障害の悪化,PMDA catalog pair expansion (review recommended),,
SSRI,アスピリンアルミニウム,高,出血リスク増加・胃腸障害の悪化,PMDA catalog pair expansion (review recommended),,
MAO阻害薬,アスピリンアルミニウム,高,出血リスク増加・胃腸障害の悪化,PMDA catalog pair expansion (review recommended),,
アスピリンアルミニウム,ベンゾジアゼピン系,高,出血リスク増加・胃腸障害の悪化,PMDA catalog pair expansion (review recommended),,
アスピリンアルミニウム,降圧薬,高,出血リスク増加・胃腸障害の悪化,PMDA catalog pair expansion (review recommended),,
アスピリンアルミニウム,クマリン系抗凝血薬,高,出血リスク増加・胃腸障害の悪化,PMDA catalog pair expansion (review recommended),,
アスピリンアルミニウム,タクロリムス,高,出血リスク増加・胃腸障害の悪化,PMDA catalog pair expansion (review recommended),,
アスピリンアルミニウム,シクロホスファミド,高,出血リスク増加・胃腸障害の悪化,PMDA catalog pair expansion (review recommended),,
アスピリンアルミニウム,フルコナゾール,高,出血リスク増加・胃腸障害の悪化,PMDA catalog pair expansion (review recommended),,
アズレンスルホン酸,ワーファリン,高,出血リスクの大幅増加,PMDA catalog pair expansion (review recommended),,
アズレンスルホン酸,リチウム,中,リチウム中毒のリスク増加,PMDA catalog pair expansion (review recommended),,
アズレンスルホン酸,メトトレキサート,高,メトトレキサート中毒のリスク増加,PMDA catalog pair expansion (review recommended),,
アスピリン,アズレンスルホン酸,高,出血リスク増加・胃腸障害の悪化,PMDA catalog pair expansion (review recommended),,
ACE阻害薬,アズレンスルホン酸,中,腎機能障害のリスク増加,PMDA catalog pair expansion (review recommended),,
ARB,アズレンスルホン酸,高,出血リスクの大幅増加,PMDA catalog pair expansion (review recommended),,
アズレンスルホン酸,テオフィリン,中,テオフィリン中毒のリスク増加,PMDA catalog pair expansion (review recommended),,
アズレンスルホン酸,シクロスポリン,高,出血リスクの大幅増加,PMDA catalog pair expansion (review recommended),,
アズレンスルホン酸,フェニトイン,高,出血リスクの大幅増加,PMDA catalog pair expansion (review recommended),,
アズレンスルホン酸,カルバマゼピン,高,出血リスクの大幅増加,PMDA catalog pair expansion (review recommended),,
アズレンスルホン酸,ジゴキシン,中,ジゴキシン中毒のリスク増加,PMDA catalog pair expansion (review recommended),,
アズレンスルホン酸,インスリン,高,出血リスクの大幅増加,PMDA catalog pair expansion (review recommended),,
SSRI,アズレンスルホン酸,高,セロトニン症候群のリスク増加,PMDA catalog pair expansion (review recommended),,
MAO阻害薬,アズレンスルホン酸,高,重篤な血圧上昇・不整脈のリスク,PMDA catalog pair expansion (review recommended),,
アズレンスルホン酸,ベンゾジアゼピン系,高,出血リスクの大幅増加,PMDA catalog pair expansion (review recommended),,
アズレンスルホン酸,降圧薬,高,出血リスクの大幅増加,PMDA catalog pair expansion (review recommended),,
アズレンスルホン酸,クマリン系抗凝血薬,高,出血リスクの大幅増加,PMDA catalog pair expansion (review recommended),,
アズレンスルホン酸,タクロリムス,高,出血リスクの大幅増加,PMDA catalog pair expansion (review recommended),,
アズレンスルホン酸,シクロホスファミド,高,出血リスクの大幅増加,PMDA catalog pair expansion (review recommended),,
アズレンスルホン酸,フルコナゾール,高,出血リスクの大幅増加,PMDA catalog pair expansion (review recommended),,
アズレンスルホン酸ナトリウム,ワーファリン,高,出血リスクの大幅増加,PMDA catalog pair expansion (review recommended),,
アズレンスルホン酸ナトリウム,リチウム,中,リチウム中毒のリスク増加,PMDA catalog pair expansion (review recommended),,
アズレンスルホン酸ナトリウム,メトトレキサート,高,メトトレキサート中毒のリスク増加,PMDA catalog pair expansion (review recommended),,
アスピリン,アズレンスルホン酸ナトリウム,高,出血リスク増加・胃腸障害の悪化,PMDA catalog pair expansion (review recommended),,
ACE阻害薬,アズレンスルホン酸ナトリウム,中,腎機能障害のリスク増加,PMDA catalog pair expansion (review recommended),,
ARB,アズレンスルホン酸ナトリウム,高,出血リスクの大幅増加,PMDA catalog pair expansion (review recommended),,
アズレンスルホン酸ナトリウム,テオフィリン,中,テオフィリン中毒のリスク増加,PMDA catalog pair expansion (review recommended),,
アズレンスルホン酸ナトリウム,シクロスポリン,高,出血リスクの大幅増加,PMDA catalog pair expansion (review recommended),,
アズレンスルホン酸ナトリウム,フェニトイン,高,出血リスクの大幅増加,PMDA catalog pair expansion (review recommended),,
アズレンスルホン酸ナトリウム,カルバマゼピン,高,出血リスクの大幅増加,PMDA catalog pair expansion (review recommended),,
アズレンスルホン酸ナトリウム,ジゴキシン,中,ジゴキシン中毒のリスク増加,PMDA catalog pair expansion (review recommended),,
アズレンスルホン酸ナトリウム,インスリン,高,出血リスクの大幅増加,PMDA catalog pair expansion (review recommended),,
SSRI,アズレンスルホン酸ナトリウム,高,セロトニン症候群のリスク増加,PMDA catalog pair expansion (review recommended),,
MAO阻害薬,アズレンスルホン酸ナトリウム,高,重篤な血圧上昇・不整脈のリスク,PMDA catalog pair expansion (review recommended),,
アズレンスルホン酸ナトリウム,ベンゾジアゼピン系,高,出血リスクの大幅増加,PMDA catalog pair expansion (review recommended),,
アズレンスルホン酸ナトリウム,降圧薬,高,出血リスクの大幅増加,PMDA catalog pair expansion (review recommended),,
アズレンスルホン酸ナトリウム,クマリン系抗凝血薬,高,出血リスクの大幅増加,PMDA catalog pair expansion (review recommended),,
アズレンスルホン酸ナトリウム,タクロリムス,高,出血リスクの大幅増加,PMDA catalog pair expansion (review recommended),,
アズレンスルホン酸ナトリウム,シクロホスファミド,高,出血リスクの大幅増加,PMDA catalog pair expansion (review recommended),,
アズレンスルホン酸ナトリウム,フルコナゾール,高,出血リスクの大幅増加,PMDA catalog pair expansion (review recommended),,
アセチルサリチル酸,ワーファリン,高,出血リスクの大幅増加,PMDA catalog pair expansion (review recommended),,
アセチルサリチル酸,リチウム,中,リチウム中毒のリスク増加,PMDA catalog pair expansion (review recommended),,
アセチルサリチル酸,メトトレキサート,高,メトトレキサート中毒のリスク増加,PMDA catalog pair expansion (review recommended),,
アスピリン,アセチルサリチル酸,高,出血リスク増加・胃腸障害の悪化,PMDA catalog pair expansion (review recommended),,
ACE阻害薬,アセチルサリチル酸,中,腎機能障害のリスク増加,PMDA catalog pair expansion (review recommended),,
ARB,アセチルサリチル酸,高,出血リスクの大幅増加,PMDA catalog pair expansion (review recommended),,
アセチルサリチル酸,テオフィリン,中,テオフィリン中毒のリスク増加,PMDA catalog pair expansion (review recommended),,
アセチルサリチル酸,シクロスポリン,高,出血リスクの大幅増加,PMDA catalog pair expansion (review recommended),,
アセチルサリチル酸,フェニトイン,高,出血リスクの大幅増加,PMDA catalog pair expansion (review recommended),,
アセチルサリチル酸,カルバマゼピン,高,出血リスクの大幅増加,PMDA catalog pair expansion (review recommended),,
アセチルサリチル酸,ジゴキシン,中,ジゴキシン中毒のリスク増加,PMDA catalog pair expansion (review recommended),,
アセチルサリチル酸,インスリン,高,出血リスクの大幅増加,PMDA catalog pair expansion (review recommended),,
SSRI,アセチルサリチル酸,高,セロトニン症候群のリスク増加,PMDA catalog pair expansion (review recommended),,
MAO阻害薬,アセチルサリチル酸,高,重篤な血圧上昇・不整脈のリスク,PMDA catalog pair expansion (review recommended),,
アセチルサリチル酸,ベンゾジアゼピン系,高,出血リスクの大幅増加,PMDA catalog pair expansion (review recommended),,
アセチルサリチル酸,降圧薬,高,出血リスクの大幅増加,PMDA catalog pair expansion (review recommended),,
アセチルサリチル酸,クマリン系抗凝血薬,高,出血リスクの大幅増加,PMDA catalog pair expansion (review recommended),,
アセチルサリチル酸,タクロリムス,高,出血リスクの大幅増加,PMDA catalog pair expansion (review recommended),,
アセチルサリチル酸,シクロホスファミド,高,出血リスクの大幅増加,PMDA catalog pair expansion (review recommended),,
アセチルサリチル酸,フルコナゾール,高,出血リスクの大幅増加,PMDA catalog pair expansion (review recommended),,
アセトアミノフェン,メトトレキサート,中,出血リスクの軽度増加,PMDA catalog pair expansion (review recommended),,
ACE阻害薬,アセトアミノフェン,中,出血リスクの軽度増加,PMDA catalog pair expansion (review recommended),,
ARB,アセトアミノフェン,中,出血リスクの軽度増加,PMDA catalog pair expansion (review recommended),,
アセトアミノフェン,テオフィリン,中,出血リスクの軽度増加,PMDA catalog pair expansion (review recommended),,
アセトアミノフェン,シクロスポリン,中,出血リスクの軽度増加,PMDA catalog pair expansion (review recommended),,
アセトアミノフェン,ジゴキシン,中,出血リスクの軽度増加,PMDA catalog pair expansion (review recommended),,
アセトアミノフェン,インスリン,中,出血リスクの軽度増加,PMDA catalog pair expansion (review recommended),,
SSRI,アセトアミノフェン,中,出血リスクの軽度増加,PMDA catalog pair expansion (review recommended),,
MAO阻害薬,アセトアミノフェン,中,出血リスクの軽度増加,PMDA catalog pair expansion (review recommended),,
アセトアミノフェン,ベンゾジアゼピン系,中,出血リスクの軽度増加,PMDA catalog pair expansion (review recommended),,
アセトアミノフェン,降圧薬,中,出血リスクの軽度増加,PMDA catalog pair expansion (review recommended),,
アセトアミノフェン,タクロリムス,中,出血リスクの軽度増加,PMDA catalog pair expansion (review recommended),,
アセトアミノフェン,シクロホスファミド,中,出血リスクの軽度増加,PMDA catalog pair expansion (review recommended),,
アセトアミノフェン,フルコナゾール,中,出血リスクの軽度増加,PMDA catalog pair expansion (review recommended),,
アセンヤク,ワーファリン,高,出血リスクの大幅増加,PMDA catalog pair expansion (review recommended),,
アセンヤク,リチウム,中,リチウム中毒のリスク増加,PMDA catalog pair expansion (review recommended),,
アセンヤク,メトトレキサート,高,メトトレキサート中毒のリスク増加,PMDA catalog pair expansion (review recommended),,
アスピリン,アセンヤク,高,出血リスク増加・胃腸障害の悪化,PMDA catalog pair expansion (review recommended),,
ACE阻害薬,アセンヤク,中,腎機能障害のリスク増加,PMDA catalog pair expansion (review recommended),,
ARB,アセンヤク,高,出血リスクの大幅増加,PMDA catalog pair expansion (review recommended),,
アセンヤク,テオフィリン,中,テオフィリン中毒のリスク増加,PMDA catalog pair expansion (review recommended),,
アセンヤク,シクロスポリン,高,出血リスクの大幅増加,PMDA catalog pair expansion (review recommended),,
アセンヤク,フェニトイン,高,出血リスクの大幅増加,PMDA catalog pair expansion (review recommended),,
アセンヤク,カルバマゼピン,高,出血リスクの大幅増加,PMDA catalog pair expansion (review recommended),,
アセンヤク,ジゴキシン,中,ジゴキシン中毒のリスク増加,PMDA catalog pair expansion (review recommended),,
アセンヤク,インスリン,高,出血リスクの大幅増加,PMDA catalog pair expansion (review recommended),,
SSRI,アセンヤク,高,セロトニン症候群のリスク増加,PMDA catalog pair expansion (review recommended),,
MAO阻害薬,アセンヤク,高,重篤な血圧上昇・不整脈のリスク,PMDA catalog pair expansion (review recommended),,
アセンヤク,ベンゾジアゼピン系,高,出血リスクの大幅増加,PMDA catalog pair expansion (review recommended),,
アセンヤク,降圧薬,高,出血リスクの大幅増加,PMDA catalog pair expansion (review recommended),,
アセンヤク,クマリン系抗凝血薬,高,出血リスクの大幅増加,PMDA catalog pair expansion (review recommended),,
アセンヤク,タクロリムス,高,出血リスクの大幅増加,PMDA catalog pair expansion (review recommended),,
アセンヤク,シクロホスファミド,高,出血リスクの大幅増加,PMDA catalog pair expansion (review recommended),,
アセンヤク,フルコナゾール,高,出血リスクの大幅増加,PMDA catalog pair expansion (review recommended),,
アゼラスチン,ワーファリン,高,出血リスクの大幅増加,PMDA catalog pair expansion (review recommended),,
アゼラスチン,リチウム,中,リチウム中毒のリスク増加,PMDA catalog pair expansion (review recommended),,
アゼラスチン,メトトレキサート,高,メトトレキサート中毒のリスク増加,PMDA catalog pair expansion (review recommended),,
アスピリン,アゼラスチン,高,出血リスク増加・胃腸障害の悪化,PMDA catalog pair expansion (review recommended),,
ACE阻害薬,アゼラスチン,中,腎機能障害のリスク増加,PMDA catalog pair expansion (review recommended),,
ARB,アゼラスチン,高,出血リスクの大幅増加,PMDA catalog pair expansion (review recommended),,
アゼラスチン,テオフィリン,中,テオフィリン中毒のリスク増加,PMDA catalog pair expansion (review recommended),,
アゼラスチン,シクロスポリン,高,出血リスクの大幅増加,PMDA catalog pair expansion (review recommended),,
アゼラスチン,フェニトイン,高,出血リスクの大幅増加,PMDA catalog pair expansion (review recommended),,
アゼラスチン,カルバマゼピン,高,出血リスクの大幅増加,PMDA catalog pair expansion (review recommended),,
アゼラスチン,ジゴキシン,中,ジゴキシン中毒のリスク増加,PMDA catalog pair expansion (review recommended),,
アゼラスチン,インスリン,高,出血リスクの大幅増加,PMDA catalog pair expansion (review recommended),,
SSRI,アゼラスチン,高,セロトニン症候群のリスク増加,PMDA catalog pair expansion (review recommended),,
MAO阻害薬,アゼラスチン,高,重篤な血圧上昇・不整脈のリスク,PMDA catalog pair expansion (review recommended),,
アゼラスチン,ベンゾジアゼピン系,高,出血リスクの大幅増加,PMDA catalog pair expansion (review recommended),,
アゼラスチン,降圧薬,高,出血リスクの大幅増加,PMDA catalog pair expansion (review recommended),,
アゼラスチン,クマリン系抗凝血薬,高,出血リスクの大幅増加,PMDA catalog pair expansion (review recommended),,
アゼラスチン,タクロリムス,高,出血リスクの大幅増加,PMDA catalog pair expansion (review recommended),,
アゼラスチン,シクロホスファミド,高,出血リスクの大幅増加,PMDA catalog pair expansion (review recommended),,
アゼラスチン,フルコナゾール,高,出血リスクの大幅増加,PMDA catalog pair expansion (review recommended),,
アマチャ,ワーファリン,高,出血リスクの大幅増加,PMDA catalog pair expansion (review recommended),,
アマチャ,リチウム,中,リチウム中毒のリスク増加,PMDA catalog pair expansion (review recommended),,
アマチャ,メトトレキサート,高,メトトレキサート中毒のリスク増加,PMDA catalog pair expansion (review recommended),,
アスピリン,アマチャ,高,出血リスク増加・胃腸障害の悪化,PMDA catalog pair expansion (review recommended),,
ACE阻害薬,アマチャ,中,腎機能障害のリスク増加,PMDA catalog pair expansion (review recommended),,
ARB,アマチャ,高,出血リスクの大幅増加,PMDA catalog pair expansion (review recommended),,
アマチャ,テオフィリン,中,テオフィリン中毒のリスク増加,PMDA catalog pair expansion (review recommended),,
アマチャ,シクロスポリン,高,出血リスクの大幅増加,PMDA catalog pair expansion (review recommended),,
アマチャ,フェニトイン,高,出血リスクの大幅増加,PMDA catalog pair expansion (review recommended),,
アマチャ,カルバマゼピン,高,出血リスクの大幅増加,PMDA catalog pair expansion (review recommended),,
アマチャ,ジゴキシン,中,ジゴキシン中毒のリスク増加,PMDA catalog pair expansion (review recommended),,
アマチャ,インスリン,高,出血リスクの大幅増加,PMDA catalog pair expansion (review recommended),,
SSRI,アマチャ,高,セロトニン症候群のリスク増加,PMDA catalog pair expansion (review recommended),,
MAO阻害薬,アマチャ,高,重篤な血圧上昇・不整脈のリスク,PMDA catalog pair expansion (review recommended),,
アマチャ,ベンゾジアゼピン系,高,出血リスクの大幅増加,PMDA catalog pair expansion (review recommended),,
アマチャ,降圧薬,高,出血リスクの大幅増加,PMDA catalog pair expansion (review recommended),,
アマチャ,クマリン系抗凝血薬,高,出血リスクの大幅増加,PMDA catalog pair expansion (review recommended),,
アマチャ,タクロリムス,高,出血リスクの大幅増加,PMDA catalog pair expansion (review recommended),,
アマチャ,シクロホスファミド,高,出血リスクの大幅増加,PMDA catalog pair expansion (review recommended),,
アマチャ,フルコナゾール,高,出血リスクの大幅増加,PMDA catalog pair expansion (review recommended),,
アミノエチルスルホン酸,ワーファリン,高,出血リスクの大幅増加,PMDA catalog pair expansion (review recommended),,
アミノエチルスルホン酸,リチウム,中,リチウム中毒のリスク増加,PMDA catalog pair expansion (review recommended),,
アミノエチルスルホン酸,メトトレキサート,高,メトトレキサート中毒のリスク増加,PMDA catalog pair expansion (review recommended),,
アスピリン,アミノエチルスルホン酸,高,出血リスク増加・胃腸障害の悪化,PMDA catalog pair expansion (review recommended),,
ACE阻害薬,アミノエチルスルホン酸,中,腎機能障害のリスク増加,PMDA catalog pair expansion (review recommended),,
ARB,アミノエチルスルホン酸,高,出血リスクの大幅増加,PMDA catalog pair expansion (review recommended),,
アミノエチルスルホン酸,テオフィリン,中,テオフィリン中毒のリスク増加,PMDA catalog pair expansion (review recommended),,
アミノエチルスルホン酸,シクロスポリン,高,出血リスクの大幅増加,PMDA catalog pair expansion (review recommended),,
アミノエチルスルホン酸,フェニトイン,高,出血リスクの大幅増加,PMDA catalog pair expansion (review recommended),,
アミノエチルスルホン酸,カルバマゼピン,高,出血リスクの大幅増加,PMDA catalog pair expansion (review recommended),,
アミノエチルスルホン酸,ジゴキシン,中,ジゴキシン中毒のリスク増加,PMDA catalog pair expansion (review recommended),,
アミノエチルスルホン酸,インスリン,高,出血リスクの大幅増加,PMDA catalog pair expansion (review recommended),,
SSRI,アミノエチルスルホン酸,高,セロトニン症候群のリスク増加,PMDA catalog pair expansion (review recommended),,
MAO阻害薬,アミノエチルスルホン酸,高,重篤な血圧上昇・不整脈のリスク,PMDA catalog pair expansion (review recommended),,
アミノエチルスルホン酸,ベンゾジアゼピン系,高,出血リスクの大幅増加,PMDA catalog pair expansion (review recommended),,
アミノエチルスルホン酸,降圧薬,高,出血リスクの大幅増加,PMDA catalog pair expansion (review recommended),,
アミノエチルスルホン酸,クマリン系抗凝血薬,高,出血リスクの大幅増加,PMDA catalog pair expansion (review recommended),,
アミノエチルスルホン酸,タクロリムス,高,出血リスクの大幅増加,PMDA catalog pair expansion (review recommended),,
アミノエチルスルホン酸,シクロホスファミド,高,出血リスクの大幅増加,PMDA catalog pair expansion (review recommended),,
アミノエチルスルホン酸,フルコナゾール,高,出血リスクの大幅増加,PMDA catalog pair expansion (review recommended),,
アミノ安息香酸エチル,ワーファリン,高,出血リスクの大幅増加,PMDA catalog pair expansion (review recommended),,
アミノ安息香酸エチル,リチウム,中,リチウム中毒のリスク増加,PMDA catalog pair expansion (review recommended),,
アミノ安息香酸エチル,メトトレキサート,高,メトトレキサート中毒のリスク増加,PMDA catalog pair expansion (review recommended),,
アスピリン,アミノ安息香酸エチル,高,出血リスク増加・胃腸障害の悪化,PMDA catalog pair expansion (review recommended),,
ACE阻害薬,アミノ安息香酸エチル,中,腎機能障害のリスク増加,PMDA catalog pair expansion (review recommended),,
ARB,アミノ安息香酸エチル,高,出血リスクの大幅増加,PMDA catalog pair expansion (review recommended),,
アミノ安息香酸エチル,テオフィリン,中,テオフィリン中毒のリスク増加,PMDA catalog pair expansion (review recommended),,
アミノ安息香酸エチル,シクロスポリン,高,出血リスクの大幅増加,PMDA catalog pair expansion (review recommended),,
アミノ安息香酸エチル,フェニトイン,高,出血リスクの大幅増加,PMDA catalog pair expansion (review recommended),,
アミノ安息香酸エチル,カルバマゼピン,高,出血リスクの大幅増加,PMDA catalog pair expansion (review recommended),,
アミノ安息香酸エチル,ジゴキシン,中,ジゴキシン中毒のリスク増加,PMDA catalog pair expansion (review recommended),,
アミノ安息香酸エチル,インスリン,高,出血リスクの大幅増加,PMDA catalog pair expansion (review recommended),,
SSRI,アミノ安息香酸エチル,高,セロトニン症候群のリスク増加,PMDA catalog pair expansion (review recommended),,
MAO阻害薬,アミノ安息香酸エチル,高,重篤な血圧上昇・不整脈のリスク,PMDA catalog pair expansion (review recommended),,
アミノ安息香酸エチル,ベンゾジアゼピン系,高,出血リスクの大幅増加,PMDA catalog pair expansion (review recommended),,
アミノ安息香酸エチル,降圧薬,高,出血リスクの大幅増加,PMDA catalog pair expansion (review recommended),,
アミノ安息香酸エチル,クマリン系抗凝血薬,高,出血リスクの大幅増加,PMDA catalog pair expansion (review recommended),,
アミノ安息香酸エチル,タクロリムス,高,出血リスクの大幅増加,PMDA catalog pair expansion (review recommended),,
アミノ安息香酸エチル,シクロホスファミド,高,出血リスクの大幅増加,PMDA catalog pair expansion (review recommended),,
アミノ安息香酸エチル,フルコナゾール,高,出血リスクの大幅増加,PMDA catalog pair expansion (review recommended),,
アラントイン,ワーファリン,高,出血リスクの大幅増加,PMDA catalog pair expansion (review recommended),,
アラントイン,リチウム,中,リチウム中毒のリスク増加,PMDA catalog pair expansion (review recommended),,
アラントイン,メトトレキサート,高,メトトレキサート中毒のリスク増加,PMDA catalog pair expansion (review recommended),,
アスピリン,アラントイン,高,出血リスク増加・胃腸障害の悪化,PMDA catalog pair expansion (review recommended),,
ACE阻害薬,アラントイン,中,腎機能障害のリスク増加,PMDA catalog pair expansion (review recommended),,
ARB,アラントイン,高,出血リスクの大幅増加,PMDA catalog pair expansion (review recommended),,
アラントイン,テオフィリン,中,テオフィリン中毒のリスク増加,PMDA catalog pair expansion (review recommended),,
アラントイン,シクロスポリン,高,出血リスクの大幅増加,PMDA catalog pair expansion (review recommended),,
アラントイン,フェニトイン,高,出血リスクの大幅増加,PMDA catalog pair expansion (review recommended),,
アラントイン,カルバマゼピン,高,出血リスクの大幅増加,PMDA catalog pair expansion (review recommended),,
アラントイン,ジゴキシン,中,ジゴキシン中毒のリスク増加,PMDA catalog pair expansion (review recommended),,
アラントイン,インスリン,高,出血リスクの大幅増加,PMDA catalog pair expansion (review recommended),,
SSRI,アラントイン,高,セロトニン症候群のリスク増加,PMDA catalog pair expansion (review recommended),,
MAO阻害薬,アラントイン,高,重篤な血圧上昇・不整脈のリスク,PMDA catalog pair expansion (review recommended),,
アラントイン,ベンゾジアゼピン系,高,出血リスクの大幅増加,PMDA catalog pair expansion (review recommended),,
アラントイン,降圧薬,高,出血リスクの大幅増加,PMDA catalog pair expansion (review recommended),,
アラントイン,クマリン系抗凝血薬,高,出血リスクの大幅増加,PMDA catalog pair expansion (review recommended),,
アラントイン,タクロリムス,高,出血リスクの大幅増加,PMDA catalog pair expansion (review recommended),,
アラントイン,シクロホスファミド,高,出血リスクの大幅増加,PMDA catalog pair expansion (review recommended),,
アラントイン,フルコナゾール,高,出血リスクの大幅増加,PMDA catalog pair expansion (review recommended),,
アラントインクロルヒドロキシアルミニウム,ワーファリン,高,出血リスクの大幅増加,PMDA catalog pair expansion (review recommended),,
アラントインクロルヒドロキシアルミニウム,リチウム,中,リチウム中毒のリスク増加,PMDA catalog pair expansion (review recommended),,
アラントインクロルヒドロキシアルミニウム,メトトレキサート,高,メトトレキサート中毒のリスク増加,PMDA catalog pair expansion (review recommended),,
アスピリン,アラントインクロルヒドロキシアルミニウム,高,出血リスク増加・胃腸障害の悪化,PMDA catalog pair expansion (review recommended),,
ACE阻害薬,アラントインクロルヒドロキシアルミニウム,中,腎機能障害のリスク増加,PMDA catalog pair expansion (review recommended),,
ARB,アラントインクロルヒドロキシアルミニウム,高,出血リスクの大幅増加,PMDA catalog pair expansion (review recommended),,
アラントインクロルヒドロキシアルミニウム,テオフィリン,中,テオフィリン中毒のリスク増加,PMDA catalog pair expansion (review recommended),,
アラントインクロルヒドロキシアルミニウム,シクロスポリン,高,出血リスクの大幅増加,PMDA catalog pair expansion (review recommended),,
アラントインクロルヒドロキシアルミニウム,フェニトイン,高,出血リスクの大幅増加,PMDA catalog pair expansion (review recommended),,
アラントインクロルヒドロキシアルミニウム,カルバマゼピン,高,出血リスクの大幅増加,PMDA catalog pair expansion (review recommended),,
アラントインクロルヒドロキシアルミニウム,ジゴキシン,中,ジゴキシン中毒のリスク増加,PMDA catalog pair expansion (review recommended),,
アラントインクロルヒドロキシアルミニウム,インスリン,高,出血リスクの大幅増加,PMDA catalog pair expansion (review recommended),,
SSRI,アラントインクロルヒドロキシアルミニウム,高,セロトニン症候群のリスク増加,PMDA catalog pair expansion (review recommended),,
MAO阻害薬,アラントインクロルヒドロキシアルミニウム,高,重篤な血圧上昇・不整脈のリスク,PMDA catalog pair expansion (review recommended),,
アラントインクロルヒドロキシアルミニウム,ベンゾジアゼピン系,高,出血リスクの大幅増加,PMDA catalog pair expansion (review recommended),,
アラントインクロルヒドロキシアルミニウム,降圧薬,高,出血リスクの大幅増加,PMDA catalog pair expansion (review recommended),,
アラントインクロルヒドロキシアルミニウム,クマリン系抗凝血薬,高,出血リスクの大幅増加,PMDA catalog pair expansion (review recommended),,
アラントインクロルヒドロキシアルミニウム,タクロリムス,高,出血リスクの大幅増加,PMDA catalog pair expansion (review recommended),,
アラントインクロルヒドロキシアルミニウム,シクロホスファミド,高,出血リスクの大幅増加,PMDA catalog pair expansion (review recommended),,
アラントインクロルヒドロキシアルミニウム,フルコナゾール,高,出血リスクの大幅増加,PMDA catalog pair expansion (review recommended),,
アリルイソプロピルアセチル尿素,ワーファリン,高,出血リスクの大幅増加,PMDA catalog pair expansion (review recommended),,
アリルイソプロピルアセチル尿素,リチウム,中,リチウム中毒のリスク増加,PMDA catalog pair expansion (review recommended),,
アリルイソプロピルアセチル尿素,メトトレキサート,高,メトトレキサート中毒のリスク増加,PMDA catalog pair expansion (review recommended),,
アスピリン,アリルイソプロピルアセチル尿素,高,出血リスク増加・胃腸障害の悪化,PMDA catalog pair expansion (review recommended),,
ACE阻害薬,アリルイソプロピルアセチル尿素,中,腎機能障害のリスク増加,PMDA catalog pair expansion (review recommended),,
ARB,アリルイソプロピルアセチル尿素,高,出血リスクの大幅増加,PMDA catalog pair expansion (review recommended),,
アリルイソプロピルアセチル尿素,テオフィリン,中,テオフィリン中毒のリスク増加,PMDA catalog pair expansion (review recommended),,
アリルイソプロピルアセチル尿素,シクロスポリン,高,出血リスクの大幅増加,PMDA catalog pair expansion (review recommended),,
アリルイソプロピルアセチル尿素,フェニトイン,高,出血リスクの大幅増加,PMDA catalog pair expansion (review recommended),,
アリルイソプロピルアセチル尿素,カルバマゼピン,高,出血リスクの大幅増加,PMDA catalog pair expansion (review recommended),,
アリルイソプロピルアセチル尿素,ジゴキシン,中,ジゴキシン中毒のリスク増加,PMDA catalog pair expansion (review recommended),,
アリルイソプロピルアセチル尿素,インスリン,高,出血リスクの大幅増加,PMDA catalog pair expansion (review recommended),,
SSRI,アリルイソプロピルアセチル尿素,高,セロトニン症候群のリスク増加,PMDA catalog pair expansion (review recommended),,
MAO阻害薬,アリルイソプロピルアセチル尿素,高,重篤な血圧上昇・不整脈のリスク,PMDA catalog pair expansion (review recommended),,
アリルイソプロピルアセチル尿素,ベンゾジアゼピン系,高,出血リスクの大幅増加,PMDA catalog pair expansion (review recommended),,
アリルイソプロピルアセチル尿素,降圧薬,高,出血リスクの大幅増加,PMDA catalog pair expansion (review recommended),,
アリルイソプロピルアセチル尿素,クマリン系抗凝血薬,高,出血リスクの大幅増加,PMDA catalog pair expansion (review recommended),,
アリルイソプロピルアセチル尿素,タクロリムス,高,出血リスクの大幅増加,PMDA catalog pair expansion (review recommended),,
アリルイソプロピルアセチル尿素,シクロホスファミド,高,出血リスクの大幅増加,PMDA catalog pair expansion (review recommended),,
アリルイソプロピルアセチル尿素,フルコナゾール,高,出血リスクの大幅増加,PMDA catalog pair expansion (review recommended),,
アルクロキサ,ワーファリン,高,出血リスクの大幅増加,PMDA catalog pair expansion (review recommended),,
アルクロキサ,リチウム,中,リチウム中毒のリスク増加,PMDA catalog pair expansion (review recommended),,
アルクロキサ,メトトレキサート,高,メトトレキサート中毒のリスク増加,PMDA catalog pair expansion (review recommended),,
アスピリン,アルクロキサ,高,出血リスク増加・胃腸障害の悪化,PMDA catalog pair expansion (review recommended),,
ACE阻害薬,アルクロキサ,中,腎機能障害のリスク増加,PMDA catalog pair expansion (review recommended),,
ARB,アルクロキサ,高,出血リスクの大幅増加,PMDA catalog pair expansion (review recommended),,
アルクロキサ,テオフィリン,中,テオフィリン中毒のリスク増加,PMDA catalog pair expansion (review recommended),,
アルクロキサ,シクロスポリン,高,出血リスクの大幅増加,PMDA catalog pair expansion (review recommended),,
アルクロキサ,フェニトイン,高,出血リスクの大幅増加,PMDA catalog pair expansion (review recommended),,
アルクロキサ,カルバマゼピン,高,出血リスクの大幅増加,PMDA catalog pair expansion (review recommended),,
アルクロキサ,ジゴキシン,中,ジゴキシン中毒のリスク増加,PMDA catalog pair expansion (review recommended),,
アルクロキサ,インスリン,高,出血リスクの大幅増加,PMDA catalog pair expansion (review recommended),,
SSRI,アルクロキサ,高,セロトニン症候群のリスク増加,PMDA catalog pair expansion (review recommended),,
MAO阻害薬,アルクロキサ,高,重篤な血圧上昇・不整脈のリスク,PMDA catalog pair expansion (review recommended),,
アルクロキサ,ベンゾジアゼピン系,高,出血リスクの大幅増加,PMDA catalog pair expansion (review recommended),,
アルクロキサ,降圧薬,高,出血リスクの大幅増加,PMDA catalog pair expansion (review recommended),,
アルクロキサ,クマリン系抗凝血薬,高,出血リスクの大幅増加,PMDA catalog pair expansion (review recommended),,
アルクロキサ,タクロリムス,高,出血リスクの大幅増加,PMDA catalog pair expansion (review recommended),,
アルクロキサ,シクロホスファミド,高,出血リスクの大幅増加,PMDA catalog pair expansion (review recommended),,
アルクロキサ,フルコナゾール,高,出血リスクの大幅増加,PMDA catalog pair expansion (review recommended),,
アルコール,ワーファリン,高,出血リスクの大幅増加,PMDA catalog pair expansion (review recommended),,
アルコール,リチウム,中,リチウム中毒のリスク増加,PMDA catalog pair expansion (review recommended),,
アルコール,メトトレキサート,中,肝障害のリスク増加,PMDA catalog pair expansion (review recommended),,
アスピリン,アルコール,高,出血リスク増加・胃腸障害の悪化,PMDA catalog pair expansion (review recommended),,
ACE阻害薬,アルコール,中,肝障害のリスク増加,PMDA catalog pair expansion (review recommended),,
ARB,アルコール,中,肝障害のリスク増加,PMDA catalog pair expansion (review recommended),,
アルコール,テオフィリン,中,肝障害のリスク増加,PMDA catalog pair expansion (review recommended),,
アルコール,シクロスポリン,中,肝障害のリスク増加,PMDA catalog pair expansion (review recommended),,
アルコール,フェニトイン,中,肝障害のリスク増加,PMDA catalog pair expansion (review recommended),,
アルコール,カルバマゼピン,中,肝障害のリスク増加,PMDA catalog pair expansion (review recommended),,
アルコール,ジゴキシン,中,肝障害のリスク増加,PMDA catalog pair expansion (review recommended),,
アルコール,インスリン,中,肝障害のリスク増加,PMDA catalog pair expansion (review recommended),,
SSRI,アルコール,中,肝障害のリスク増加,PMDA catalog pair expansion (review recommended),,
MAO阻害薬,アルコール,中,肝障害のリスク増加,PMDA catalog pair expansion (review recommended),,
アルコール,ベンゾジアゼピン系,中,肝障害のリスク増加,PMDA catalog pair expansion (review recommended),,
アルコール,降圧薬,中,肝障害のリスク増加,PMDA catalog pair expansion (review recommended),,
アルコール,クマリン系抗凝血薬,中,肝障害のリスク増加,PMDA catalog pair expansion (review recommended),,
アルコール,タクロリムス,中,肝障害のリスク増加,PMDA catalog pair expansion (review recommended),,
アルコール,シクロホスファミド,中,肝障害のリスク増加,PMDA catalog pair expansion (review recommended),,
アルコール,フルコナゾール,中,肝障害のリスク増加,PMDA catalog pair expansion (review recommended),,
アルジオキサ,ワーファリン,高,出血リスクの大幅増加,PMDA catalog pair expansion (review recommended),,
アルジオキサ,リチウム,中,リチウム中毒のリスク増加,PMDA catalog pair expansion (review recommended),,
アルジオキサ,メトトレキサート,高,メトトレキサート中毒のリスク増加,PMDA catalog pair expansion (review recommended),,
アスピリン,アルジオキサ,高,出血リスク増加・胃腸障害の悪化,PMDA catalog pair expansion (review recommended),,
ACE阻害薬,アルジオキサ,中,腎機能障害のリスク増加,PMDA catalog pair expansion (review recommended),,
ARB,アルジオキサ,高,出血リスクの大幅増加,PMDA catalog pair expansion (review recommended),,
アルジオキサ,テオフィリン,中,テオフィリン中毒のリスク増加,PMDA catalog pair expansion (review recommended),,
アルジオキサ,シクロスポリン,高,出血リスクの大幅増加,PMDA catalog pair expansion (review recommended),,
アルジオキサ,フェニトイン,高,出血リスクの大幅増加,PMDA catalog pair expansion (review recommended),,
アルジオキサ,カルバマゼピン,高,出血リスクの大幅増加,PMDA catalog pair expansion (review recommended),,
アルジオキサ,ジゴキシン,中,ジゴキシン中毒のリスク増加,PMDA catalog pair expansion (review recommended),,
アルジオキサ,インスリン,高,出血リスクの大幅増加,PMDA catalog pair expansion (review recommended),,
SSRI,アルジオキサ,高,セロトニン症候群のリスク増加,PMDA catalog pair expansion (review recommended),,
MAO阻害薬,アルジオキサ,高,重篤な血圧上昇・不整脈のリスク,PMDA catalog pair expansion (review recommended),,
アルジオキサ,ベンゾジアゼピン系,高,出血リスクの大幅増加,PMDA catalog pair expansion (review recommended),,
アルジオキサ,降圧薬,高,出血リスクの大幅増加,PMDA catalog pair expansion (review recommended),,
アルジオキサ,クマリン系抗凝血薬,高,出血リスクの大幅増加,PMDA catalog pair expansion (review recommended),,
アルジオキサ,タクロリムス,高,出血リスクの大幅増加,PMDA catalog pair expansion (review recommended),,
アルジオキサ,シクロホスファミド,高,出血リスクの大幅増加,PMDA catalog pair expansion (review recommended),,
アルジオキサ,フルコナゾール,高,出血リスクの大幅増加,PMDA catalog pair expansion (review recommended),,
アルニカチンキ,ワーファリン,高,出血リスクの大幅増加,PMDA catalog pair expansion (review recommended),,
アルニカチンキ,リチウム,中,リチウム中毒のリスク増加,PMDA catalog pair expansion (review recommended),,
アルニカチンキ,メトトレキサート,高,メトトレキサート中毒のリスク増加,PMDA catalog pair expansion (review recommended),,
アスピリン,アルニカチンキ,高,出血リスク増加・胃腸障害の悪化,PMDA catalog pair expansion (review recommended),,
ACE阻害薬,アルニカチンキ,中,腎機能障害のリスク増加,PMDA catalog pair expansion (review recommended),,
ARB,アルニカチンキ,高,出血リスクの大幅増加,PMDA catalog pair expansion (review recommended),,
アルニカチンキ,テオフィリン,中,テオフィリン中毒のリスク増加,PMDA catalog pair expansion (review recommended),,
アルニカチンキ,シクロスポリン,高,出血リスクの大幅増加,PMDA catalog pair expansion (review recommended),,
アルニカチンキ,フェニトイン,高,出血リスクの大幅増加,PMDA catalog pair expansion (review recommended),,
アルニカチンキ,カルバマゼピン,高,出血リスクの大幅増加,PMDA catalog pair expansion (review recommended),,
アルニカチンキ,ジゴキシン,中,ジゴキシン中毒のリスク増加,PMDA catalog pair expansion (review recommended),,
アルニカチンキ,インスリン,高,出血リスクの大幅増加,PMDA catalog pair expansion (review recommended),,
SSRI,アルニカチンキ,高,セロトニン症候群のリスク増加,PMDA catalog pair expansion (review recommended),,
MAO阻害薬,アルニカチンキ,高,重篤な血圧上昇・不整脈のリスク,PMDA catalog pair expansion (review recommended),,
アルニカチンキ,ベンゾジアゼピン系,高,出血リスクの大幅増加,PMDA catalog pair expansion (review recommended),,
アルニカチンキ,降圧薬,高,出血リスクの大幅増加,PMDA catalog pair expansion (review recommended),,
アルニカチンキ,クマリン系抗凝血薬,高,出血リスクの大幅増加,PMDA catalog pair expansion (review recommended),,
アルニカチンキ,タクロリムス,高,出血リスクの大幅増加,PMDA catalog pair expansion (review recommended),,
アルニカチンキ,シクロホスファミド,高,出血リスクの大幅増加,PMDA catalog pair expansion (review recommended),,
アルニカチンキ,フルコナゾール,高,出血リスクの大幅増加,PMDA catalog pair expansion (review recommended),,
アルミニウム,ワーファリン,高,出血リスク増加・胃腸障害の悪化,PMDA catalog pair expansion (review recommended),,
アルミニウム,リチウム,高,出血リスク増加・胃腸障害の悪化,PMDA catalog pair expansion (review recommended),,
アルミニウム,メトトレキサート,高,出血リスク増加・胃腸障害の悪化,PMDA catalog pair expansion (review recommended),,
アスピリン,アルミニウム,高,出血リスク増加・胃腸障害の悪化,PMDA catalog pair expansion (review recommended),,
ACE阻害薬,アルミニウム,高,出血リスク増加・胃腸障害の悪化,PMDA catalog pair expansion (review recommended),,
ARB,アルミニウム,高,出血リスク増加・胃腸障害の悪化,PMDA catalog pair expansion (review recommended),,
アルミニウム,テオフィリン,高,出血リスク増加・胃腸障害の悪化,PMDA catalog pair expansion (review recommended),,
アルミニウム,シクロスポリン,高,出血リスク増加・胃腸障害の悪化,PMDA catalog pair expansion (review recommended),,
アルミニウム,フェニトイン,高,出血リスク増加・胃腸障害の悪化,PMDA catalog pair expansion (review recommended),,
アルミニウム,カルバマゼピン,高,出血リスク増加・胃腸障害の悪化,PMDA catalog pair expansion (review recommended),,
アルミニウム,ジゴキシン,高,出血リスク増加・胃腸障害の悪化,PMDA catalog pair expansion (review recommended),,
アルミニウム,インスリン,高,出血リスク増加・胃腸障害の悪化,PMDA catalog pair expansion (review recommended),,
SSRI,アルミニウム,高,出血リスク増加・胃腸障害の悪化,PMDA catalog pair expansion (review recommended),,
MAO阻害薬,アルミニウム,高,出血リスク増加・胃腸障害の悪化,PMDA catalog pair expansion (review recommended),,
アルミニウム,ベンゾジアゼピン系,高,出血リスク増加・胃腸障害の悪化,PMDA catalog pair expansion (review recommended),,
アルミニウム,降圧薬,高,出血リスク増加・胃腸障害の悪化,PMDA catalog pair expansion (review recommended),,
アルミニウム,クマリン系抗凝血薬,高,出血リスク増加・胃腸障害の悪化,PMDA catalog pair expansion (review recommended),,
アルミニウム,タクロリムス,高,出血リスク増加・胃腸障害の悪化,PMDA catalog pair expansion (review recommended),,
アルミニウム,シクロホスファミド,高,出血リスク増加・胃腸障害の悪化,PMDA catalog pair expansion (review recommended),,
アルミニウム,フルコナゾール,高,出血リスク増加・胃腸障害の悪化,PMDA catalog pair expansion (review recommended),,
アルミノプロフェン,ワーファリン,高,出血リスクの大幅増加,PMDA catalog pair expansion (review recommended),,
アルミノプロフェン,リチウム,中,リチウム中毒のリスク増加,PMDA catalog pair expansion (review recommended),,
アルミノプロフェン,メトトレキサート,高,メトトレキサート中毒のリスク増加,PMDA catalog pair expansion (review recommended),,
アスピリン,アルミノプロフェン,高,出血リスク増加・胃腸障害の悪化,PMDA catalog pair expansion (review recommended),,
ACE阻害薬,アルミノプロフェン,中,腎機能障害のリスク増加,PMDA catalog pair expansion (review recommended),,
ARB,アルミノプロフェン,高,出血リスクの大幅増加,PMDA catalog pair expansion (review recommended),,
アルミノプロフェン,テオフィリン,中,テオフィリン中毒のリスク増加,PMDA catalog pair expansion (review recommended),,
アルミノプロフェン,シクロスポリン,高,出血リスクの大幅増加,PMDA catalog pair expansion (review recommended),,
アルミノプロフェン,フェニトイン,高,出血リスクの大幅増加,PMDA catalog pair expansion (review recommended),,
アルミノプロフェン,カルバマゼピン,高,出血リスクの大幅増加,PMDA catalog pair expansion (review recommended),,
アルミノプロフェン,ジゴキシン,中,ジゴキシン中毒のリスク増加,PMDA catalog pair expansion (review recommended),,
アルミノプロフェン,インスリン,高,出血リスクの大幅増加,PMDA catalog pair expansion (review recommended),,
SSRI,アルミノプロフェン,高,セロトニン症候群のリスク増加,PMDA catalog pair expansion (review recommended),,
MAO阻害薬,アルミノプロフェン,高,重篤な血圧上昇・不整脈のリスク,PMDA catalog pair expansion (review recommended),,
アルミノプロフェン,ベンゾジアゼピン系,高,出血リスクの大幅増加,PMDA catalog pair expansion (review recommended),,
アルミノプロフェン,降圧薬,高,出血リスクの大幅増加,PMDA catalog pair expansion (review recommended),,
アルミノプロフェン,クマリン系抗凝血薬,高,出血リスクの大幅増加,PMDA catalog pair expansion (review recommended),,
アルミノプロフェン,タクロリムス,高,出血リスクの大幅増加,PMDA catalog pair expansion (review recommended),,
アルミノプロフェン,シクロホスファミド,高,出血リスクの大幅増加,PMDA catalog pair expansion (review recommended),,
アルミノプロフェン,フルコナゾール,高,出血リスクの大幅増加,PMDA catalog pair expansion (review recommended),,
アロエ,ワーファリン,高,出血リスクの大幅増加,PMDA catalog pair expansion (review recommended),,
アロエ,リチウム,中,リチウム中毒のリスク増加,PMDA catalog pair expansion (review recommended),,
アロエ,メトトレキサート,高,メトトレキサート中毒のリスク増加,PMDA catalog pair expansion (review recommended),,
アスピリン,アロエ,高,出血リスク増加・胃腸障害の悪化,PMDA catalog pair expansion (review recommended),,
ACE阻害薬,アロエ,中,腎機能障害のリスク増加,PMDA catalog pair expansion (review recommended),,
ARB,アロエ,高,出血リスクの大幅増加,PMDA catalog pair expansion (review recommended),,
アロエ,テオフィリン,中,テオフィリン中毒のリスク増加,PMDA catalog pair expansion (review recommended),,
アロエ,シクロスポリン,高,出血リスクの大幅増加,PMDA catalog pair expansion (review recommended),,
アロエ,フェニトイン,高,出血リスクの大幅増加,PMDA catalog pair expansion (review recommended),,
アロエ,カルバマゼピン,高,出血リスクの大幅増加,PMDA catalog pair expansion (review recommended),,
アロエ,ジゴキシン,中,ジゴキシン中毒のリスク増加,PMDA catalog pair expansion (review recommended),,
アロエ,インスリン,高,出血リスクの大幅増加,PMDA catalog pair expansion (review recommended),,
SSRI,アロエ,高,セロトニン症候群のリスク増加,PMDA catalog pair expansion (review recommended),,
MAO阻害薬,アロエ,高,重篤な血圧上昇・不整脈のリスク,PMDA catalog pair expansion (review recommended),,
アロエ,ベンゾジアゼピン系,高,出血リスクの大幅増加,PMDA catalog pair expansion (review recommended),,
アロエ,降圧薬,高,出血リスクの大幅増加,PMDA catalog pair expansion (review recommended),,
アロエ,クマリン系抗凝血薬,高,出血リスクの大幅増加,PMDA catalog pair expansion (review recommended),,
アロエ,タクロリムス,高,出血リスクの大幅増加,PMDA catalog pair expansion (review recommended),,
アロエ,シクロホスファミド,高,出血リスクの大幅増加,PMDA catalog pair expansion (review recommended),,
アロエ,フルコナゾール,高,出血リスクの大幅増加,PMDA catalog pair expansion (review recommended),,
アロエ葉,ワーファリン,高,出血リスクの大幅増加,PMDA catalog pair expansion (review recommended),,
アロエ葉,リチウム,中,リチウム中毒のリスク増加,PMDA catalog pair expansion (review recommended),,
アロエ葉,メトトレキサート,高,メトトレキサート中毒のリスク増加,PMDA catalog pair expansion (review recommended),,
アスピリン,アロエ葉,高,出血リスク増加・胃腸障害の悪化,PMDA catalog pair expansion (review recommended),,
ACE阻害薬,アロエ葉,中,腎機能障害のリスク増加,PMDA catalog pair expansion (review recommended),,
ARB,アロエ葉,高,出血リスクの大幅増加,PMDA catalog pair expansion (review recommended),,
アロエ葉,テオフィリン,中,テオフィリン中毒のリスク増加,PMDA catalog pair expansion (review recommended),,
アロエ葉,シクロスポリン,高,出血リスクの大幅増加,PMDA catalog pair expansion (review recommended),,
アロエ葉,フェニトイン,高,出血リスクの大幅増加,PMDA catalog pair expansion (review recommended),,
アロエ葉,カルバマゼピン,高,出血リスクの大幅増加,PMDA catalog pair expansion (review recommended),,
アロエ葉,ジゴキシン,中,ジゴキシン中毒のリスク増加,PMDA catalog pair expansion (review recommended),,
アロエ葉,インスリン,高,出血リスクの大幅増加,PMDA catalog pair expansion (review recommended),,
SSRI,アロエ葉,高,セロトニン症候群のリスク増加,PMDA catalog pair expansion (review recommended),,
MAO阻害薬,アロエ葉,高,重篤な血圧上昇・不整脈のリスク,PMDA catalog pair expansion (review recommended),,
アロエ葉,ベンゾジアゼピン系,高,出血リスクの大幅増加,PMDA catalog pair expansion (review recommended),,
アロエ葉,降圧薬,高,出血リスクの大幅増加,PMDA catalog pair expansion (review recommended),,
アロエ葉,クマリン系抗凝血薬,高,出血リスクの大幅増加,PMDA catalog pair expansion (review recommended),,
アロエ葉,タクロリムス,高,出血リスクの大幅増加,PMDA catalog pair expansion (review recommended),,
アロエ葉,シクロホスファミド,高,出血リスクの大幅増加,PMDA catalog pair expansion (review recommended),,
アロエ葉,フルコナゾール,高,出血リスクの大幅増加,PMDA catalog pair expansion (review recommended),,
アンブロキソール,リチウム,中,リチウム中毒のリスク増加,PMDA catalog pair expansion (review recommended),,
アンブロキソール,メトトレキサート,高,メトトレキサート中毒のリスク増加,PMDA catalog pair expansion (review recommended),,
アスピリン,アンブロキソール,高,出血リスク増加・胃腸障害の悪化,PMDA catalog pair expansion (review recommended),,
ACE阻害薬,アンブロキソール,中,腎機能障害のリスク増加,PMDA catalog pair expansion (review recommended),,
ARB,アンブロキソール,低,出血リスクの軽度増加,PMDA catalog pair expansion (review recommended),,
アンブロキソール,テオフィリン,中,テオフィリン中毒のリスク増加,PMDA catalog pair expansion (review recommended),,
アンブロキソール,シクロスポリン,低,出血リスクの軽度増加,PMDA catalog pair expansion (review recommended),,
アンブロキソール,フェニトイン,低,出血リスクの軽度増加,PMDA catalog pair expansion (review recommended),,
アンブロキソール,カルバマゼピン,低,出血リスクの軽度増加,PMDA catalog pair expansion (review recommended),,
アンブロキソール,ジゴキシン,中,ジゴキシン中毒のリスク増加,PMDA catalog pair expansion (review recommended),,
アンブロキソール,インスリン,低,出血リスクの軽度増加,PMDA catalog pair expansion (review recommended),,
SSRI,アンブロキソール,高,セロトニン症候群のリスク増加,PMDA catalog pair expansion (review recommended),,
MAO阻害薬,アンブロキソール,高,重篤な血圧上昇・不整脈のリスク,PMDA catalog pair expansion (review recommended),,
アンブロキソール,ベンゾジアゼピン系,低,出血リスクの軽度増加,PMDA catalog pair expansion (review recommended),,
アンブロキソール,降圧薬,低,出血リスクの軽度増加,PMDA catalog pair expansion (review recommended),,
アンブロキソール,クマリン系抗凝血薬,低,出血リスクの軽度増加,PMDA catalog pair expansion (review recommended),,
アンブロキソール,タクロリムス,低,出血リスクの軽度増加,PMDA catalog pair expansion (review recommended),,
アンブロキソール,シクロホスファミド,低,出血リスクの軽度増加,PMDA catalog pair expansion (review recommended),,
アンブロキソール,フルコナゾール,低,出血リスクの軽度増加,PMDA catalog pair expansion (review recommended),,
アンモニア,ワーファリン,高,出血リスクの大幅増加,PMDA catalog pair expansion (review recommended),,
アンモニア,リチウム,中,リチウム中毒のリスク増加,PMDA catalog pair expansion (review recommended),,
アンモニア,メトトレキサート,高,メトトレキサート中毒のリスク増加,PMDA catalog pair expansion (review recommended),,
アスピリン,アンモニア,高,出血リスク増加・胃腸障害の悪化,PMDA catalog pair expansion (review recommended),,
ACE阻害薬,アンモニア,中,腎機能障害のリスク増加,PMDA catalog pair expansion (review recommended),,
ARB,アンモニア,高,出血リスクの大幅増加,PMDA catalog pair expansion (review recommended),,
アンモニア,テオフィリン,中,テオフィリン中毒のリスク増加,PMDA catalog pair expansion (review recommended),,
アンモニア,シクロスポリン,高,出血リスクの大幅増加,PMDA catalog pair expansion (review recommended),,
アンモニア,フェニトイン,高,出血リスクの大幅増加,PMDA catalog pair expansion (review recommended),,
アンモニア,カルバマゼピン,高,出血リスクの大幅増加,PMDA catalog pair expansion (review recommended),,
アンモニア,ジゴキシン,中,ジゴキシン中毒のリスク増加,PMDA catalog pair expansion (review recommended),,
アンモニア,インスリン,高,出血リスクの大幅増加,PMDA catalog pair expansion (review recommended),,
SSRI,アンモニア,高,セロトニン症候群のリスク増加,PMDA catalog pair expansion (review recommended),,
MAO阻害薬,アンモニア,高,重篤な血圧上昇・不整脈のリスク,PMDA catalog pair expansion (review recommended),,
アンモニア,ベンゾジアゼピン系,高,出血リスクの大幅増加,PMDA catalog pair expansion (review recommended),,
アンモニア,降圧薬,高,出血リスクの大幅増加,PMDA catalog pair expansion (review recommended),,
アンモニア,クマリン系抗凝血薬,高,出血リスクの大幅増加,PMDA catalog pair expansion (review recommended),,
アンモニア,タクロリムス,高,出血リスクの大幅増加,PMDA catalog pair expansion (review recommended),,
アンモニア,シクロホスファミド,高,出血リスクの大幅増加,PMDA catalog pair expansion (review recommended),,
アンモニア,フルコナゾール,高,出血リスクの大幅増加,PMDA catalog pair expansion (review recommended),,
イオウ,ワーファリン,高,出血リスクの大幅増加,PMDA catalog pair expansion (review recommended),,
イオウ,リチウム,中,リチウム中毒のリスク増加,PMDA catalog pair expansion (review recommended),,
イオウ,メトトレキサート,高,メトトレキサート中毒のリスク増加,PMDA catalog pair expansion (review recommended),,
アスピリン,イオウ,高,出血リスク増加・胃腸障害の悪化,PMDA catalog pair expansion (review recommended),,
ACE阻害薬,イオウ,中,腎機能障害のリスク増加,PMDA catalog pair expansion (review recommended),,
ARB,イオウ,高,出血リスクの大幅増加,PMDA catalog pair expansion (review recommended),,
イオウ,テオフィリン,中,テオフィリン中毒のリスク増加,PMDA catalog pair expansion (review recommended),,
イオウ,シクロスポリン,高,出血リスクの大幅増加,PMDA catalog pair expansion (review recommended),,
イオウ,フェニトイン,高,出血リスクの大幅増加,PMDA catalog pair expansion (review recommended),,
イオウ,カルバマゼピン,高,出血リスクの大幅増加,PMDA catalog pair expansion (review recommended),,
イオウ,ジゴキシン,中,ジゴキシン中毒のリスク増加,PMDA catalog pair expansion (review recommended),,
イオウ,インスリン,高,出血リスクの大幅増加,PMDA catalog pair expansion (review recommended),,
SSRI,イオウ,高,セロトニン症候群のリスク増加,PMDA catalog pair expansion (review recommended),,
MAO阻害薬,イオウ,高,重篤な血圧上昇・不整脈のリスク,PMDA catalog pair expansion (review recommended),,
イオウ,ベンゾジアゼピン系,高,出血リスクの大幅増加,PMDA catalog pair expansion (review recommended),,
イオウ,降圧薬,高,出血リスクの大幅増加,PMDA catalog pair expansion (review recommended),,
イオウ,クマリン系抗凝血薬,高,出血リスクの大幅増加,PMDA catalog pair expansion (review recommended),,
イオウ,タクロリムス,高,出血リスクの大幅増加,PMDA catalog pair expansion (review recommended),,
イオウ,シクロホスファミド,高,出血リスクの大幅増加,PMDA catalog pair expansion (review recommended),,
イオウ,フルコナゾール,高,出血リスクの大幅増加,PMDA catalog pair expansion (review recommended),,
イカリソウ,ワーファリン,高,出血リスクの大幅増加,PMDA catalog pair expansion (review recommended),,
イカリソウ,リチウム,中,リチウム中毒のリスク増加,PMDA catalog pair expansion (review recommended),,
イカリソウ,メトトレキサート,高,メトトレキサート中毒のリスク増加,PMDA catalog pair expansion (review recommended),,
アスピリン,イカリソウ,高,出血リスク増加・胃腸障害の悪化,PMDA catalog pair expansion (review recommended),,
ACE阻害薬,イカリソウ,中,腎機能障害のリスク増加,PMDA catalog pair expansion (review recommended),,
ARB,イカリソウ,高,出血リスクの大幅増加,PMDA catalog pair expansion (review recommended),,
イカリソウ,テオフィリン,中,テオフィリン中毒のリスク増加,PMDA catalog pair expansion (review recommended),,
イカリソウ,シクロスポリン,高,出血リスクの大幅増加,PMDA catalog pair expansion (review recommended),,
イカリソウ,フェニトイン,高,出血リスクの大幅増加,PMDA catalog pair expansion (review recommended),,
イカリソウ,カルバマゼピン,高,出血リスクの大幅増加,PMDA catalog pair expansion (review recommended),,
イカリソウ,ジゴキシン,中,ジゴキシン中毒のリスク増加,PMDA catalog pair expansion (review recommended),,
イカリソウ,インスリン,高,出血リスクの大幅増加,PMDA catalog pair expansion (review recommended),,
SSRI,イカリソウ,高,セロトニン症候群のリスク増加,PMDA catalog pair expansion (review recommended),,
MAO阻害薬,イカリソウ,高,重篤な血圧上昇・不整脈のリスク,PMDA catalog pair expansion (review recommended),,
イカリソウ,ベンゾジアゼピン系,高,出血リスクの大幅増加,PMDA catalog pair expansion (review recommended),,
イカリソウ,降圧薬,高,出血リスクの大幅増加,PMDA catalog pair expansion (review recommended),,
イカリソウ,クマリン系抗凝血薬,高,出血リスクの大幅増加,PMDA catalog pair expansion (review recommended),,
イカリソウ,タクロリムス,高,出血リスクの大幅増加,PMDA catalog pair expansion (review recommended),,
イカリソウ,シクロホスファミド,高,出血リスクの大幅増加,PMDA catalog pair expansion (review recommended),,
イカリソウ,フルコナゾール,高,出血リスクの大幅増加,PMDA catalog pair expansion (review recommended),,
イカリソウエキス−A,ワーファリン,高,出血リスクの大幅増加,PMDA catalog pair expansion (review recommended),,
イカリソウエキス−A,リチウム,中,リチウム中毒のリスク増加,PMDA catalog pair expansion (review recommended),,
イカリソウエキス−A,メトトレキサート,高,メトトレキサート中毒のリスク増加,PMDA catalog pair expansion (review recommended),,
アスピリン,イカリソウエキス−A,高,出血リスク増加・胃腸障害の悪化,PMDA catalog pair expansion (review recommended),,
ACE阻害薬,イカリソウエキス−A,中,腎機能障害のリスク増加,PMDA catalog pair expansion (review recommended),,
ARB,イカリソウエキス−A,高,出血リスクの大幅増加,PMDA catalog pair expansion (review recommended),,
イカリソウエキス−A,テオフィリン,中,テオフィリン中毒のリスク増加,PMDA catalog pair expansion (review recommended),,
イカリソウエキス−A,シクロスポリン,高,出血リスクの大幅増加,PMDA catalog pair expansion (review recommended),,
イカリソウエキス−A,フェニトイン,高,出血リスクの大幅増加,PMDA catalog pair expansion (review recommended),,
イカリソウエキス−A,カルバマゼピン,高,出血リスクの大幅増加,PMDA catalog pair expansion (review recommended),,
イカリソウエキス−A,ジゴキシン,中,ジゴキシン中毒のリスク増加,PMDA catalog pair expansion (review recommended),,
イカリソウエキス−A,インスリン,高,出血リスクの大幅増加,PMDA catalog pair expansion (review recommended),,
SSRI,イカリソウエキス−A,高,セロトニン症候群のリスク増加,PMDA catalog pair expansion (review recommended),,
MAO阻害薬,イカリソウエキス−A,高,重篤な血圧上昇・不整脈のリスク,PMDA catalog pair expansion (review recommended),,
イカリソウエキス−A,ベンゾジアゼピン系,高,出血リスクの大幅増加,PMDA catalog pair expansion (review recommended),,
イカリソウエキス−A,降圧薬,高,出血リスクの大幅増加,PMDA catalog pair expansion (review recommended),,
イカリソウエキス−A,クマリン系抗凝血薬,高,出血リスクの大幅増加,PMDA catalog pair expansion (review recommended),,
イカリソウエキス−A,タクロリムス,高,出血リスクの大幅増加,PMDA catalog pair expansion (review recommended),,
イカリソウエキス−A,シクロホスファミド,高,出血リスクの大幅増加,PMDA catalog pair expansion (review recommended),,
イカリソウエキス−A,フルコナゾール,高,出血リスクの大幅増加,PMDA catalog pair expansion (review recommended),,
イカリソウエキス乾燥−A,ワーファリン,高,出血リスクの大幅増加,PMDA catalog pair expansion (review recommended),,
イカリソウエキス乾燥−A,リチウム,中,リチウム中毒のリスク増加,PMDA catalog pair expansion (review recommended),,
イカリソウエキス乾燥−A,メトトレキサート,高,メトトレキサート中毒のリスク増加,PMDA catalog pair expansion (review recommended),,
アスピリン,イカリソウエキス乾燥−A,高,出血リスク増加・胃腸障害の悪化,PMDA catalog pair expansion (review recommended),,
ACE阻害薬,イカリソウエキス乾燥−A,中,腎機能障害のリスク増加,PMDA catalog pair expansion (review recommended),,
ARB,イカリソウエキス乾燥−A,高,出血リスクの大幅増加,PMDA catalog pair expansion (review recommended),,
イカリソウエキス乾燥−A,テオフィリン,中,テオフィリン中毒のリスク増加,PMDA catalog pair expansion (review recommended),,
イカリソウエキス乾燥−A,シクロスポリン,高,出血リスクの大幅増加,PMDA catalog pair expansion (review recommended),,
イカリソウエキス乾燥−A,フェニトイン,高,出血リスクの大幅増加,PMDA catalog pair expansion (review recommended),,
イカリソウエキス乾燥−A,カルバマゼピン,高,出血リスクの大幅増加,PMDA catalog pair expansion (review recommended),,
イカリソウエキス乾燥−A,ジゴキシン,中,ジゴキシン中毒のリスク増加,PMDA catalog pair expansion (review recommended),,
イカリソウエキス乾燥−A,インスリン,高,出血リスクの大幅増加,PMDA catalog pair expansion (review recommended),,
SSRI,イカリソウエキス乾燥−A,高,セロトニン症候群のリスク増加,PMDA catalog pair expansion (review recommended),,
MAO阻害薬,イカリソウエキス乾燥−A,高,重篤な血圧上昇・不整脈のリスク,PMDA catalog pair expansion (review recommended),,
イカリソウエキス乾燥−A,ベンゾジアゼピン系,高,出血リスクの大幅増加,PMDA catalog pair expansion (review recommended),,
イカリソウエキス乾燥−A,降圧薬,高,出血リスクの大幅増加,PMDA catalog pair expansion (review recommended),,
イカリソウエキス乾燥−A,クマリン系抗凝血薬,高,出血リスクの大幅増加,PMDA catalog pair expansion (review recommended),,
イカリソウエキス乾燥−A,タクロリムス,高,出血リスクの大幅増加,PMDA catalog pair expansion (review recommended),,
イカリソウエキス乾燥−A,シクロホスファミド,高,出血リスクの大幅増加,PMDA catalog pair expansion (review recommended),,
イカリソウエキス乾燥−A,フルコナゾール,高,出血リスクの大幅増加,PMDA catalog pair expansion (review recommended),,
イカリソウ乾燥,ワーファリン,高,出血リスクの大幅増加,PMDA catalog pair expansion (review recommended),,
イカリソウ乾燥,リチウム,中,リチウム中毒のリスク増加,PMDA catalog pair expansion (review recommended),,
イカリソウ乾燥,メトトレキサート,高,メトトレキサート中毒のリスク増加,PMDA catalog pair expansion (review recommended),,
アスピリン,イカリソウ乾燥,高,出血リスク増加・胃腸障害の悪化,PMDA catalog pair expansion (review recommended),,
ACE阻害薬,イカリソウ乾燥,中,腎機能障害のリスク増加,PMDA catalog pair expansion (review recommended),,
ARB,イカリソウ乾燥,高,出血リスクの大幅増加,PMDA catalog pair expansion (review recommended),,
イカリソウ乾燥,テオフィリン,中,テオフィリン中毒のリスク増加,PMDA catalog pair expansion (review recommended),,
イカリソウ乾燥,シクロスポリン,高,出血リスクの大幅増加,PMDA catalog pair expansion (review recommended),,
イカリソウ乾燥,フェニトイン,高,出血リスクの大幅増加,PMDA catalog pair expansion (review recommended),,
イカリソウ乾燥,カルバマゼピン,高,出血リスクの大幅増加,PMDA catalog pair expansion (review recommended),,
イカリソウ乾燥,ジゴキシン,中,ジゴキシン中毒のリスク増加,PMDA catalog pair expansion (review recommended),,
イカリソウ乾燥,インスリン,高,出血リスクの大幅増加,PMDA catalog pair expansion (review recommended),,
SSRI,イカリソウ乾燥,高,セロトニン症候群のリスク増加,PMDA catalog pair expansion (review recommended),,
MAO阻害薬,イカリソウ乾燥,高,重篤な血圧上昇・不整脈のリスク,PMDA catalog pair expansion (review recommended),,
イカリソウ乾燥,ベンゾジアゼピン系,高,出血リスクの大幅増加,PMDA catalog pair expansion (review recommended),,
イカリソウ乾燥,降圧薬,高,出血リスクの大幅増加,PMDA catalog pair expansion (review recommended),,
イカリソウ乾燥,クマリン系抗凝血薬,高,出血リスクの大幅増加,PMDA catalog pair expansion (review recommended),,
イカリソウ乾燥,タクロリムス,高,出血リスクの大幅増加,PMDA catalog pair expansion (review recommended),,
イカリソウ乾燥,シクロホスファミド,高,出血リスクの大幅増加,PMDA catalog pair expansion (review recommended),,
イカリソウ乾燥,フルコナゾール,高,出血リスクの大幅増加,PMDA catalog pair expansion (review recommended),,
イカリソウ乾燥エキス−A,ワーファリン,高,出血リスクの大幅増加,PMDA catalog pair expansion (review recommended),,
イカリソウ乾燥エキス−A,リチウム,中,リチウム中毒のリスク増加,PMDA catalog pair expansion (review recommended),,
イカリソウ乾燥エキス−A,メトトレキサート,高,メトトレキサート中毒のリスク増加,PMDA catalog pair expansion (review recommended),,
アスピリン,イカリソウ乾燥エキス−A,高,出血リスク増加・胃腸障害の悪化,PMDA catalog pair expansion (review recommended),,
ACE阻害薬,イカリソウ乾燥エキス−A,中,腎機能障害のリスク増加,PMDA catalog pair expansion (review recommended),,
ARB,イカリソウ乾燥エキス−A,高,出血リスクの大幅増加,PMDA catalog pair expansion (review recommended),,
イカリソウ乾燥エキス−A,テオフィリン,中,テオフィリン中毒のリスク増加,PMDA catalog pair expansion (review recommended),,
イカリソウ乾燥エキス−A,シクロスポリン,高,出血リスクの大幅増加,PMDA catalog pair expansion (review recommended),,
イカリソウ乾燥エキス−A,フェニトイン,高,出血リスクの大幅増加,PMDA catalog pair expansion (review recommended),,
イカリソウ乾燥エキス−A,カルバマゼピン,高,出血リスクの大幅増加,PMDA catalog pair expansion (review recommended),,
イカリソウ乾燥エキス−A,ジゴキシン,中,ジゴキシン中毒のリスク増加,PMDA catalog pair expansion (review recommended),,
イカリソウ乾燥エキス−A,インスリン,高,出血リスクの大幅増加,PMDA catalog pair expansion (review recommended),,
SSRI,イカリソウ乾燥エキス−A,高,セロトニン症候群のリスク増加,PMDA catalog pair expansion (review recommended),,
MAO阻害薬,イカリソウ乾燥エキス−A,高,重篤な血圧上昇・不整脈のリスク,PMDA catalog pair expansion (review recommended),,
イカリソウ乾燥エキス−A,ベンゾジアゼピン系,高,出血リスクの大幅増加,PMDA catalog pair expansion (review recommended),,
イカリソウ乾燥エキス−A,降圧薬,高,出血リスクの大幅増加,PMDA catalog pair expansion (review recommended),,
イカリソウ乾燥エキス−A,クマリン系抗凝血薬,高,出血リスクの大幅増加,PMDA catalog pair expansion (review recommended),,
イカリソウ乾燥エキス−A,タクロリムス,高,出血リスクの大幅増加,PMDA catalog pair expansion (review recommended),,
イカリソウ乾燥エキス−A,シクロホスファミド,高,出血リスクの大幅増加,PMDA catalog pair expansion (review recommended),,
イカリソウ乾燥エキス−A,フルコナゾール,高,出血リスクの大幅増加,PMDA catalog pair expansion (review recommended),,
イカリソウ流,ワーファリン,高,出血リスクの大幅増加,PMDA catalog pair expansion (review recommended),,
イカリソウ流,リチウム,中,リチウム中毒のリスク増加,PMDA catalog pair expansion (review recommended),,
イカリソウ流,メトトレキサート,高,メトトレキサート中毒のリスク増加,PMDA catalog pair expansion (review recommended),,
アスピリン,イカリソウ流,高,出血リスク増加・胃腸障害の悪化,PMDA catalog pair expansion (review recommended),,
ACE阻害薬,イカリソウ流,中,腎機能障害のリスク増加,PMDA catalog pair expansion (review recommended),,
ARB,イカリソウ流,高,出血リスクの大幅増加,PMDA catalog pair expansion (review recommended),,
イカリソウ流,テオフィリン,中,テオフィリン中毒のリスク増加,PMDA catalog pair expansion (review recommended),,
イカリソウ流,シクロスポリン,高,出血リスクの大幅増加,PMDA catalog pair expansion (review recommended),,
イカリソウ流,フェニトイン,高,出血リスクの大幅増加,PMDA catalog pair expansion (review recommended),,
イカリソウ流,カルバマゼピン,高,出血リスクの大幅増加,PMDA catalog pair expansion (review recommended),,
イカリソウ流,ジゴキシン,中,ジゴキシン中毒のリスク増加,PMDA catalog pair expansion (review recommended),,
イカリソウ流,インスリン,高,出血リスクの大幅増加,PMDA catalog pair expansion (review recommended),,
SSRI,イカリソウ流,高,セロトニン症候群のリスク増加,PMDA catalog pair expansion (review recommended),,
MAO阻害薬,イカリソウ流,高,重篤な血圧上昇・不整脈のリスク,PMDA catalog pair expansion (review recommended),,
イカリソウ流,ベンゾジアゼピン系,高,出血リスクの大幅増加,PMDA catalog pair expansion (review recommended),,
イカリソウ流,降圧薬,高,出血リスクの大幅増加,PMDA catalog pair expansion (review recommended),,
イカリソウ流,クマリン系抗凝血薬,高,出血リスクの大幅増加,PMDA catalog pair expansion (review recommended),,
イカリソウ流,タクロリムス,高,出血リスクの大幅増加,PMDA catalog pair expansion (review recommended),,
イカリソウ流,シクロホスファミド,高,出血リスクの大幅増加,PMDA catalog pair expansion (review recommended),,
イカリソウ流,フルコナゾール,高,出血リスクの大幅増加,PMDA catalog pair expansion (review recommended),,
イカリソウ軟稠,ワーファリン,高,出血リスクの大幅増加,PMDA catalog pair expansion (review recommended),,
イカリソウ軟稠,リチウム,中,リチウム中毒のリスク増加,PMDA catalog pair expansion (review recommended),,
イカリソウ軟稠,メトトレキサート,高,メトトレキサート中毒のリスク増加,PMDA catalog pair expansion (review recommended),,
アスピリン,イカリソウ軟稠,高,出血リスク増加・胃腸障害の悪化,PMDA catalog pair expansion (review recommended),,
ACE阻害薬,イカリソウ軟稠,中,腎機能障害のリスク増加,PMDA catalog pair expansion (review recommended),,
ARB,イカリソウ軟稠,高,出血リスクの大幅増加,PMDA catalog pair expansion (review recommended),,
イカリソウ軟稠,テオフィリン,中,テオフィリン中毒のリスク増加,PMDA catalog pair expansion (review recommended),,
イカリソウ軟稠,シクロスポリン,高,出血リスクの大幅増加,PMDA catalog pair expansion (review recommended),,
イカリソウ軟稠,フェニトイン,高,出血リスクの大幅増加,PMDA catalog pair expansion (review recommended),,
イカリソウ軟稠,カルバマゼピン,高,出血リスクの大幅増加,PMDA catalog pair expansion (review recommended),,
イカリソウ軟稠,ジゴキシン,中,ジゴキシン中毒のリスク増加,PMDA catalog pair expansion (review recommended),,
イカリソウ軟稠,インスリン,高,出血リスクの大幅増加,PMDA catalog pair expansion (review recommended),,
SSRI,イカリソウ軟稠,高,セロトニン症候群のリスク増加,PMDA catalog pair expansion (review recommended),,
MAO阻害薬,イカリソウ軟稠,高,重篤な血圧上昇・不整脈のリスク,PMDA catalog pair expansion (review recommended),,
イカリソウ軟稠,ベンゾジアゼピン系,高,出血リスクの大幅増加,PMDA catalog pair expansion (review recommended),,
イカリソウ軟稠,降圧薬,高,出血リスクの大幅増加,PMDA catalog pair expansion (review recommended),,
イカリソウ軟稠,クマリン系抗凝血薬,高,出血リスクの大幅増加,PMDA catalog pair expansion (review recommended),,
イカリソウ軟稠,タクロリムス,高,出血リスクの大幅増加,PMDA catalog pair expansion (review recommended),,
イカリソウ軟稠,シクロホスファミド,高,出血リスクの大幅増加,PMDA catalog pair expansion (review recommended),,
イカリソウ軟稠,フルコナゾール,高,出血リスクの大幅増加,PMDA catalog pair expansion (review recommended),,
イカリ草,ワーファリン,高,出血リスクの大幅増加,PMDA catalog pair expansion (review recommended),,
イカリ草,リチウム,中,リチウム中毒のリスク増加,PMDA catalog pair expansion (review recommended),,
イカリ草,メトトレキサート,高,メトトレキサート中毒のリスク増加,PMDA catalog pair expansion (review recommended),,
アスピリン,イカリ草,高,出血リスク増加・胃腸障害の悪化,PMDA catalog pair expansion (review recommended),,
ACE阻害薬,イカリ草,中,腎機能障害のリスク増加,PMDA catalog pair expansion (review recommended),,
ARB,イカリ草,高,出血リスクの大幅増加,PMDA catalog pair expansion (review recommended),,
イカリ草,テオフィリン,中,テオフィリン中毒のリスク増加,PMDA catalog pair expansion (review recommended),,
イカリ草,シクロスポリン,高,出血リスクの大幅増加,PMDA catalog pair expansion (review recommended),,
イカリ草,フェニトイン,高,出血リスクの大幅増加,PMDA catalog pair expansion (review recommended),,
イカリ草,カルバマゼピン,高,出血リスクの大幅増加,PMDA catalog pair expansion (review recommended),,
イカリ草,ジゴキシン,中,ジゴキシン中毒のリスク増加,PMDA catalog pair expansion (review recommended),,
イカリ草,インスリン,高,出血リスクの大幅増加,PMDA catalog pair expansion (review recommended),,
SSRI,イカリ草,高,セロトニン症候群のリスク増加,PMDA catalog pair expansion (review recommended),,
MAO阻害薬,イカリ草,高,重篤な血圧上昇・不整脈のリスク,PMDA catalog pair expansion (review recommended),,
イカリ草,ベンゾジアゼピン系,高,出血リスクの大幅増加,PMDA catalog pair expansion (review recommended),,
イカリ草,降圧薬,高,出血リスクの大幅増加,PMDA catalog pair expansion (review recommended),,
イカリ草,クマリン系抗凝血薬,高,出血リスクの大幅増加,PMDA catalog pair expansion (review recommended),,
イカリ草,タクロリムス,高,出血リスクの大幅増加,PMDA catalog pair expansion (review recommended),,
イカリ草,シクロホスファミド,高,出血リスクの大幅増加,PMDA catalog pair expansion (review recommended),,
イカリ草,フルコナゾール,高,出血リスクの大幅増加,PMDA catalog pair expansion (review recommended),,
イカリ草エキス−S,ワーファリン,高,出血リスクの大幅増加,PMDA catalog pair expansion (review recommended),,
イカリ草エキス−S,リチウム,中,リチウム中毒のリスク増加,PMDA catalog pair expansion (review recommended),,
イカリ草エキス−S,メトトレキサート,高,メトトレキサート中毒のリスク増加,PMDA catalog pair expansion (review recommended),,
アスピリン,イカリ草エキス−S,高,出血リスク増加・胃腸障害の悪化,PMDA catalog pair expansion (review recommended),,
ACE阻害薬,イカリ草エキス−S,中,腎機能障害のリスク増加,PMDA catalog pair expansion (review recommended),,
ARB,イカリ草エキス−S,高,出血リスクの大幅増加,PMDA catalog pair expansion (review recommended),,
イカリ草エキス−S,テオフィリン,中,テオフィリン中毒のリスク増加,PMDA catalog pair expansion (review recommended),,
イカリ草エキス−S,シクロスポリン,高,出血リスクの大幅増加,PMDA catalog pair expansion (review recommended),,
イカリ草エキス−S,フェニトイン,高,出血リスクの大幅増加,PMDA catalog pair expansion (review recommended),,
イカリ草エキス−S,カルバマゼピン,高,出血リスクの大幅増加,PMDA catalog pair expansion (review recommended),,
イカリ草エキス−S,ジゴキシン,中,ジゴキシン中毒のリスク増加,PMDA catalog pair expansion (review recommended),,
イカリ草エキス−S,インスリン,高,出血リスクの大幅増加,PMDA catalog pair expansion (review recommended),,
SSRI,イカリ草エキス−S,高,セロトニン症候群のリスク増加,PMDA catalog pair expansion (review recommended),,
MAO阻害薬,イカリ草エキス−S,高,重篤な血圧上昇・不整脈のリスク,PMDA catalog pair expansion (review recommended),,
イカリ草エキス−S,ベンゾジアゼピン系,高,出血リスクの大幅増加,PMDA catalog pair expansion (review recommended),,
イカリ草エキス−S,降圧薬,高,出血リスクの大幅増加,PMDA catalog pair expansion (review recommended),,
イカリ草エキス−S,クマリン系抗凝血薬,高,出血リスクの大幅増加,PMDA catalog pair expansion (review recommended),,
イカリ草エキス−S,タクロリムス,高,出血リスクの大幅増加,PMDA catalog pair expansion (review recommended),,
イカリ草エキス−S,シクロホスファミド,高,出血リスクの大幅増加,PMDA catalog pair expansion (review recommended),,
イカリ草エキス−S,フルコナゾール,高,出血リスクの大幅増加,PMDA catalog pair expansion (review recommended),,
イカリ草乾燥,ワーファリン,高,出血リスクの大幅増加,PMDA catalog pair expansion (review recommended),,
イカリ草乾燥,リチウム,中,リチウム中毒のリスク増加,PMDA catalog pair expansion (review recommended),,
イカリ草乾燥,メトトレキサート,高,メトトレキサート中毒のリスク増加,PMDA catalog pair expansion (review recommended),,
アスピリン,イカリ草乾燥,高,出血リスク増加・胃腸障害の悪化,PMDA catalog pair expansion (review recommended),,
ACE阻害薬,イカリ草乾燥,中,腎機能障害のリスク増加,PMDA catalog pair expansion (review recommended),,
ARB,イカリ草乾燥,高,出血リスクの大幅増加,PMDA catalog pair expansion (review recommended),,
イカリ草乾燥,テオフィリン,中,テオフィリン中毒のリスク増加,PMDA catalog pair expansion (review recommended),,
イカリ草乾燥,シクロスポリン,高,出血リスクの大幅増加,PMDA catalog pair expansion (review recommended),,
イカリ草乾燥,フェニトイン,高,出血リスクの大幅増加,PMDA catalog pair expansion (review recommended),,
イカリ草乾燥,カルバマゼピン,高,出血リスクの大幅増加,PMDA catalog pair expansion (review recommended),,
イカリ草乾燥,ジゴキシン,中,ジゴキシン中毒のリスク増加,PMDA catalog pair expansion (review recommended),,
イカリ草乾燥,インスリン,高,出血リスクの大幅増加,PMDA catalog pair expansion (review recommended),,
SSRI,イカリ草乾燥,高,セロトニン症候群のリスク増加,PMDA catalog pair expansion (review recommended),,
MAO阻害薬,イカリ草乾燥,高,重篤な血圧上昇・不整脈のリスク,PMDA catalog pair expansion (review recommended),,
イカリ草乾燥,ベンゾジアゼピン系,高,出血リスクの大幅増加,PMDA catalog pair expansion (review recommended),,
イカリ草乾燥,降圧薬,高,出血リスクの大幅増加,PMDA catalog pair expansion (review recommended),,
イカリ草乾燥,クマリン系抗凝血薬,高,出血リスクの大幅増加,PMDA catalog pair expansion (review recommended),,
イカリ草乾燥,タクロリムス,高,出血リスクの大幅増加,PMDA catalog pair expansion (review recommended),,
イカリ草乾燥,シクロホスファミド,高,出血リスクの大幅増加,PMDA catalog pair expansion (review recommended),,
イカリ草乾燥,フルコナゾール,高,出血リスクの大幅増加,PMDA catalog pair expansion (review recommended),,
イカリ草乾燥エキス−A,ワーファリン,高,出血リスクの大幅増加,PMDA catalog pair expansion (review recommended),,
イカリ草乾燥エキス−A,リチウム,中,リチウム中毒のリスク増加,PMDA catalog pair expansion (review recommended),,
イカリ草乾燥エキス−A,メトトレキサート,高,メトトレキサート中毒のリスク増加,PMDA catalog pair expansion (review recommended),,
アスピリン,イカリ草乾燥エキス−A,高,出血リスク増加・胃腸障害の悪化,PMDA catalog pair expansion (review recommended),,
ACE阻害薬,イカリ草乾燥エキス−A,中,腎機能障害のリスク増加,PMDA catalog pair expansion (review recommended),,
ARB,イカリ草乾燥エキス−A,高,出血リスクの大幅増加,PMDA catalog pair expansion (review recommended),,
イカリ草乾燥エキス−A,テオフィリン,中,テオフィリン中毒のリスク増加,PMDA catalog pair expansion (review recommended),,
イカリ草乾燥エキス−A,シクロスポリン,高,出血リスクの大幅増加,PMDA catalog pair expansion (review recommended),,
イカリ草乾燥エキス−A,フェニトイン,高,出血リスクの大幅増加,PMDA catalog pair expansion (review recommended),,
イカリ草乾燥エキス−A,カルバマゼピン,高,出血リスクの大幅増加,PMDA catalog pair expansion (review recommended),,
イカリ草乾燥エキス−A,ジゴキシン,中,ジゴキシン中毒のリスク増加,PMDA catalog pair expansion (review recommended),,
イカリ草乾燥エキス−A,インスリン,高,出血リスクの大幅増加,PMDA catalog pair expansion (review recommended),,
SSRI,イカリ草乾燥エキス−A,高,セロトニン症候群のリスク増加,PMDA catalog pair expansion (review recommended),,
MAO阻害薬,イカリ草乾燥エキス−A,高,重篤な血圧上昇・不整脈のリスク,PMDA catalog pair expansion (review recommended),,
イカリ草乾燥エキス−A,ベンゾジアゼピン系,高,出血リスクの大幅増加,PMDA catalog pair expansion (review recommended),,
イカリ草乾燥エキス−A,降圧薬,高,出血リスクの大幅増加,PMDA catalog pair expansion (review recommended),,
イカリ草乾燥エキス−A,クマリン系抗凝血薬,高,出血リスクの大幅増加,PMDA catalog pair expansion (review recommended),,
イカリ草乾燥エキス−A,タクロリムス,高,出血リスクの大幅増加,PMDA catalog pair expansion (review recommended),,
イカリ草乾燥エキス−A,シクロホスファミド,高,出血リスクの大幅増加,PMDA catalog pair expansion (review recommended),,
イカリ草乾燥エキス−A,フルコナゾール,高,出血リスクの大幅増加,PMDA catalog pair expansion (review recommended),,
イカリ草流,ワーファリン,高,出血リスクの大幅増加,PMDA catalog pair expansion (review recommended),,
イカリ草流,リチウム,中,リチウム中毒のリスク増加,PMDA catalog pair expansion (review recommended),,
イカリ草流,メトトレキサート,高,メトトレキサート中毒のリスク増加,PMDA catalog pair expansion (review recommended),,
アスピリン,イカリ草流,高,出血リスク増加・胃腸障害の悪化,PMDA catalog pair expansion (review recommended),,
ACE阻害薬,イカリ草流,中,腎機能障害のリスク増加,PMDA catalog pair expansion (review recommended),,
ARB,イカリ草流,高,出血リスクの大幅増加,PMDA catalog pair expansion (review recommended),,
イカリ草流,テオフィリン,中,テオフィリン中毒のリスク増加,PMDA catalog pair expansion (review recommended),,
イカリ草流,シクロスポリン,高,出血リスクの大幅増加,PMDA catalog pair expansion (review recommended),,
イカリ草流,フェニトイン,高,出血リスクの大幅増加,PMDA catalog pair expansion (review recommended),,
イカリ草流,カルバマゼピン,高,出血リスクの大幅増加,PMDA catalog pair expansion (review recommended),,
イカリ草流,ジゴキシン,中,ジゴキシン中毒のリスク増加,PMDA catalog pair expansion (review recommended),,
イカリ草流,インスリン,高,出血リスクの大幅増加,PMDA catalog pair expansion (review recommended),,
SSRI,イカリ草流,高,セロトニン症候群のリスク増加,PMDA catalog pair expansion (review recommended),,
MAO阻害薬,イカリ草流,高,重篤な血圧上昇・不整脈のリスク,PMDA catalog pair expansion (review recommended),,
イカリ草流,ベンゾジアゼピン系,高,出血リスクの大幅増加,PMDA catalog pair expansion (review recommended),,
イカリ草流,降圧薬,高,出血リスクの大幅増加,PMDA catalog pair expansion (review recommended),,
イカリ草流,クマリン系抗凝血薬,高,出血リスクの大幅増加,PMDA catalog pair expansion (review recommended),,
イカリ草流,タクロリムス,高,出血リスクの大幅増加,PMDA catalog pair expansion (review recommended),,
イカリ草流,シクロホスファミド,高,出血リスクの大幅増加,PMDA catalog pair expansion (review recommended),,
イカリ草流,フルコナゾール,高,出血リスクの大幅増加,PMDA catalog pair expansion (review recommended),,
イカリ草軟稠,ワーファリン,高,出血リスクの大幅増加,PMDA catalog pair expansion (review recommended),,
イカリ草軟稠,リチウム,中,リチウム中毒のリスク増加,PMDA catalog pair expansion (review recommended),,
イカリ草軟稠,メトトレキサート,高,メトトレキサート中毒のリスク増加,PMDA catalog pair expansion (review recommended),,
アスピリン,イカリ草軟稠,高,出血リスク増加・胃腸障害の悪化,PMDA catalog pair expansion (review recommended),,
ACE阻害薬,イカリ草軟稠,中,腎機能障害のリスク増加,PMDA catalog pair expansion (review recommended),,
ARB,イカリ草軟稠,高,出血リスクの大幅増加,PMDA catalog pair expansion (review recommended),,
イカリ草軟稠,テオフィリン,中,テオフィリン中毒のリスク増加,PMDA catalog pair expansion (review recommended),,
イカリ草軟稠,シクロスポリン,高,出血リスクの大幅増加,PMDA catalog pair expansion (review recommended),,
イカリ草軟稠,フェニトイン,高,出血リスクの大幅増加,PMDA catalog pair expansion (review recommended),,
イカリ草軟稠,カルバマゼピン,高,出血リスクの大幅増加,PMDA catalog pair expansion (review recommended),,
イカリ草軟稠,ジゴキシン,中,ジゴキシン中毒のリスク増加,PMDA catalog pair expansion (review recommended),,
イカリ草軟稠,インスリン,高,出血リスクの大幅増加,PMDA catalog pair expansion (review recommended),,
SSRI,イカリ草軟稠,高,セロトニン症候群のリスク増加,PMDA catalog pair expansion (review recommended),,
MAO阻害薬,イカリ草軟稠,高,重篤な血圧上昇・不整脈のリスク,PMDA catalog pair expansion (review recommended),,
イカリ草軟稠,ベンゾジアゼピン系,高,出血リスクの大幅増加,PMDA catalog pair expansion (review recommended),,
イカリ草軟稠,降圧薬,高,出血リスクの大幅増加,PMDA catalog pair expansion (review recommended),,
イカリ草軟稠,クマリン系抗凝血薬,高,出血リスクの大幅増加,PMDA catalog pair expansion (review recommended),,
イカリ草軟稠,タクロリムス,高,出血リスクの大幅増加,PMDA catalog pair expansion (review recommended),,
イカリ草軟稠,シクロホスファミド,高,出血リスクの大幅増加,PMDA catalog pair expansion (review recommended),,
イカリ草軟稠,フルコナゾール,高,出血リスクの大幅増加,PMDA catalog pair expansion (review recommended),,
イソプロピルアンチピリン,ワーファリン,高,出血リスクの大幅増加,PMDA catalog pair expansion (review recommended),,
イソプロピルアンチピリン,リチウム,中,リチウム中毒のリスク増加,PMDA catalog pair expansion (review recommended),,
イソプロピルアンチピリン,メトトレキサート,高,メトトレキサート中毒のリスク増加,PMDA catalog pair expansion (review recommended),,
アスピリン,イソプロピルアンチピリン,高,出血リスク増加・胃腸障害の悪化,PMDA catalog pair expansion (review recommended),,
ACE阻害薬,イソプロピルアンチピリン,中,腎機能障害のリスク増加,PMDA catalog pair expansion (review recommended),,
ARB,イソプロピルアンチピリン,高,出血リスクの大幅増加,PMDA catalog pair expansion (review recommended),,
イソプロピルアンチピリン,テオフィリン,中,テオフィリン中毒のリスク増加,PMDA catalog pair expansion (review recommended),,
イソプロピルアンチピリン,シクロスポリン,高,出血リスクの大幅増加,PMDA catalog pair expansion (review recommended),,
イソプロピルアンチピリン,フェニトイン,高,出血リスクの大幅増加,PMDA catalog pair expansion (review recommended),,
イソプロピルアンチピリン,カルバマゼピン,高,出血リスクの大幅増加,PMDA catalog pair expansion (review recommended),,
イソプロピルアンチピリン,ジゴキシン,中,ジゴキシン中毒のリスク増加,PMDA catalog pair expansion (review recommended),,
イソプロピルアンチピリン,インスリン,高,出血リスクの大幅増加,PMDA catalog pair expansion (review recommended),,
SSRI,イソプロピルアンチピリン,高,セロトニン症候群のリスク増加,PMDA catalog pair expansion (review recommended),,
MAO阻害薬,イソプロピルアンチピリン,高,重篤な血圧上昇・不整脈のリスク,PMDA catalog pair expansion (review recommended),,
イソプロピルアンチピリン,ベンゾジアゼピン系,高,出血リスクの大幅増加,PMDA catalog pair expansion (review recommended),,
イソプロピルアンチピリン,降圧薬,高,出血リスクの大幅増加,PMDA catalog pair expansion (review recommended),,
イソプロピルアンチピリン,クマリン系抗凝血薬,高,出血リスクの大幅増加,PMDA catalog pair expansion (review recommended),,
イソプロピルアンチピリン,タクロリムス,高,出血リスクの大幅増加,PMDA catalog pair expansion (review recommended),,
イソプロピルアンチピリン,シクロホスファミド,高,出血リスクの大幅増加,PMDA catalog pair expansion (review recommended),,
イソプロピルアンチピリン,フルコナゾール,高,出血リスクの大幅増加,PMDA catalog pair expansion (review recommended),,
イソプロピルメチルフェノール,ワーファリン,高,出血リスクの大幅増加,PMDA catalog pair expansion (review recommended),,
イソプロピルメチルフェノール,リチウム,中,リチウム中毒のリスク増加,PMDA catalog pair expansion (review recommended),,
イソプロピルメチルフェノール,メトトレキサート,高,メトトレキサート中毒のリスク増加,PMDA catalog pair expansion (review recommended),,
アスピリン,イソプロピルメチルフェノール,高,出血リスク増加・胃腸障害の悪化,PMDA catalog pair expansion (review recommended),,
ACE阻害薬,イソプロピルメチルフェノール,中,腎機能障害のリスク増加,PMDA catalog pair expansion (review recommended),,
ARB,イソプロピルメチルフェノール,高,出血リスクの大幅増加,PMDA catalog pair expansion (review recommended),,
イソプロピルメチルフェノール,テオフィリン,中,テオフィリン中毒のリスク増加,PMDA catalog pair expansion (review recommended),,
イソプロピルメチルフェノール,シクロスポリン,高,出血リスクの大幅増加,PMDA catalog pair expansion (review recommended),,
イソプロピルメチルフェノール,フェニトイン,高,出血リスクの大幅増加,PMDA catalog pair expansion (review recommended),,
イソプロピルメチルフェノール,カルバマゼピン,高,出血リスクの大幅増加,PMDA catalog pair expansion (review recommended),,
イソプロピルメチルフェノール,ジゴキシン,中,ジゴキシン中毒のリスク増加,PMDA catalog pair expansion (review recommended),,
イソプロピルメチルフェノール,インスリン,高,出血リスクの大幅増加,PMDA catalog pair expansion (review recommended),,
SSRI,イソプロピルメチルフェノール,高,セロトニン症候群のリスク増加,PMDA catalog pair expansion (review recommended),,
MAO阻害薬,イソプロピルメチルフェノール,高,重篤な血圧上昇・不整脈のリスク,PMDA catalog pair expansion (review recommended),,
イソプロピルメチルフェノール,ベンゾジアゼピン系,高,出血リスクの大幅増加,PMDA catalog pair expansion (review recommended),,
イソプロピルメチルフェノール,降圧薬,高,出血リスクの大幅増加,PMDA catalog pair expansion (review recommended),,
イソプロピルメチルフェノール,クマリン系抗凝血薬,高,出血リスクの大幅増加,PMDA catalog pair expansion (review recommended),,
イソプロピルメチルフェノール,タクロリムス,高,出血リスクの大幅増加,PMDA catalog pair expansion (review recommended),,
イソプロピルメチルフェノール,シクロホスファミド,高,出血リスクの大幅増加,PMDA catalog pair expansion (review recommended),,
イソプロピルメチルフェノール,フルコナゾール,高,出血リスクの大幅増加,PMDA catalog pair expansion (review recommended),,
イノシット,ワーファリン,高,出血リスクの大幅増加,PMDA catalog pair expansion (review recommended),,
イノシット,リチウム,中,リチウム中毒のリスク増加,PMDA catalog pair expansion (review recommended),,
イノシット,メトトレキサート,高,メトトレキサート中毒のリスク増加,PMDA catalog pair expansion (review recommended),,
アスピリン,イノシット,高,出血リスク増加・胃腸障害の悪化,PMDA catalog pair expansion (review recommended),,
ACE阻害薬,イノシット,中,腎機能障害のリスク増加,PMDA catalog pair expansion (review recommended),,
ARB,イノシット,高,出血リスクの大幅増加,PMDA catalog pair expansion (review recommended),,
イノシット,テオフィリン,中,テオフィリン中毒のリスク増加,PMDA catalog pair expansion (review recommended),,
イノシット,シクロスポリン,高,出血リスクの大幅増加,PMDA catalog pair expansion (review recommended),,
イノシット,フェニトイン,高,出血リスクの大幅増加,PMDA catalog pair expansion (review recommended),,
イノシット,カルバマゼピン,高,出血リスクの大幅増加,PMDA catalog pair expansion (review recommended),,
イノシット,ジゴキシン,中,ジゴキシン中毒のリスク増加,PMDA catalog pair expansion (review recommended),,
イノシット,インスリン,高,出血リスクの大幅増加,PMDA catalog pair expansion (review recommended),,
SSRI,イノシット,高,セロトニン症候群のリスク増加,PMDA catalog pair expansion (review recommended),,
MAO阻害薬,イノシット,高,重篤な血圧上昇・不整脈のリスク,PMDA catalog pair expansion (review recommended),,
イノシット,ベンゾジアゼピン系,高,出血リスクの大幅増加,PMDA catalog pair expansion (review recommended),,
イノシット,降圧薬,高,出血リスクの大幅増加,PMDA catalog pair expansion (review recommended),,
イノシット,クマリン系抗凝血薬,高,出血リスクの大幅増加,PMDA catalog pair expansion (review recommended),,
イノシット,タクロリムス,高,出血リスクの大幅増加,PMDA catalog pair expansion (review recommended),,
イノシット,シクロホスファミド,高,出血リスクの大幅増加,PMDA catalog pair expansion (review recommended),,
イノシット,フルコナゾール,高,出血リスクの大幅増加,PMDA catalog pair expansion (review recommended),,
イノシトール,ワーファリン,高,出血リスクの大幅増加,PMDA catalog pair expansion (review recommended),,
イノシトール,リチウム,中,リチウム中毒のリスク増加,PMDA catalog pair expansion (review recommended),,
イノシトール,メトトレキサート,高,メトトレキサート中毒のリスク増加,PMDA catalog pair expansion (review recommended),,
アスピリン,イノシトール,高,出血リスク増加・胃腸障害の悪化,PMDA catalog pair expansion (review recommended),,
ACE阻害薬,イノシトール,中,腎機能障害のリスク増加,PMDA catalog pair expansion (review recommended),,
ARB,イノシトール,高,出血リスクの大幅増加,PMDA catalog pair expansion (review recommended),,
イノシトール,テオフィリン,中,テオフィリン中毒のリスク増加,PMDA catalog pair expansion (review recommended),,
イノシトール,シクロスポリン,高,出血リスクの大幅増加,PMDA catalog pair expansion (review recommended),,
イノシトール,フェニトイン,高,出血リスクの大幅増加,PMDA catalog pair expansion (review recommended),,
イノシトール,カルバマゼピン,高,出血リスクの大幅増加,PMDA catalog pair expansion (review recommended),,
イノシトール,ジゴキシン,中,ジゴキシン中毒のリスク増加,PMDA catalog pair expansion (review recommended),,
イノシトール,インスリン,高,出血リスクの大幅増加,PMDA catalog pair expansion (review recommended),,
SSRI,イノシトール,高,セロトニン症候群のリスク増加,PMDA catalog pair expansion (review recommended),,
MAO阻害薬,イノシトール,高,重篤な血圧上昇・不整脈のリスク,PMDA catalog pair expansion (review recommended),,
イノシトール,ベンゾジアゼピン系,高,出血リスクの大幅増加,PMDA catalog pair expansion (review recommended),,
イノシトール,降圧薬,高,出血リスクの大幅増加,PMDA catalog pair expansion (review recommended),,
イノシトール,クマリン系抗凝血薬,高,出血リスクの大幅増加,PMDA catalog pair expansion (review recommended),,
イノシトール,タクロリムス,高,出血リスクの大幅増加,PMDA catalog pair expansion (review recommended),,
イノシトール,シクロホスファミド,高,出血リスクの大幅増加,PMDA catalog pair expansion (review recommended),,
イノシトール,フルコナゾール,高,出血リスクの大幅増加,PMDA catalog pair expansion (review recommended),,
イブプロフェン,メトトレキサート,高,出血リスク増加・胃腸障害の悪化,PMDA catalog pair expansion (review recommended),,
ACE阻害薬,イブプロフェン,高,出血リスク増加・胃腸障害の悪化,PMDA catalog pair expansion (review recommended),,
ARB,イブプロフェン,高,出血リスク増加・胃腸障害の悪化,PMDA catalog pair expansion (review recommended),,
イブプロフェン,テオフィリン,高,出血リスク増加・胃腸障害の悪化,PMDA catalog pair expansion (review recommended),,
イブプロフェン,シクロスポリン,高,出血リスク増加・胃腸障害の悪化,PMDA catalog pair expansion (review recommended),,
イブプロフェン,フェニトイン,高,出血リスク増加・胃腸障害の悪化,PMDA catalog pair expansion (review recommended),,
イブプロフェン,カルバマゼピン,高,出血リスク増加・胃腸障害の悪化,PMDA catalog pair expansion (review recommended),,
イブプロフェン,ジゴキシン,高,出血リスク増加・胃腸障害の悪化,PMDA catalog pair expansion (review recommended),,
イブプロフェン,インスリン,高,出血リスク増加・胃腸障害の悪化,PMDA catalog pair expansion (review recommended),,
SSRI,イブプロフェン,高,出血リスク増加・胃腸障害の悪化,PMDA catalog pair expansion (review recommended),,
MAO阻害薬,イブプロフェン,高,出血リスク増加・胃腸障害の悪化,PMDA catalog pair expansion (review recommended),,
イブプロフェン,ベンゾジアゼピン系,高,出血リスク増加・胃腸障害の悪化,PMDA catalog pair expansion (review recommended),,
イブプロフェン,降圧薬,高,出血リスク増加・胃腸障害の悪化,PMDA catalog pair expansion (review recommended),,
イブプロフェン,タクロリムス,高,出血リスク増加・胃腸障害の悪化,PMDA catalog pair expansion (review recommended),,
イブプロフェン,シクロホスファミド,高,出血リスク増加・胃腸障害の悪化,PMDA catalog pair expansion (review recommended),,
イブプロフェン,フルコナゾール,高,出血リスク増加・胃腸障害の悪化,PMDA catalog pair expansion (review recommended),,
イブプロフェンピコノール,メトトレキサート,高,出血リスク増加・胃腸障害の悪化,PMDA catalog pair expansion (review recommended),,
ACE阻害薬,イブプロフェンピコノール,高,出血リスク増加・胃腸障害の悪化,PMDA catalog pair expansion (review recommended),,
ARB,イブプロフェンピコノール,高,出血リスク増加・胃腸障害の悪化,PMDA catalog pair expansion (review recommended),,
イブプロフェンピコノール,テオフィリン,高,出血リスク増加・胃腸障害の悪化,PMDA catalog pair expansion (review recommended),,
イブプロフェンピコノール,シクロスポリン,高,出血リスク増加・胃腸障害の悪化,PMDA catalog pair expansion (review recommended),,
イブプロフェンピコノール,フェニトイン,高,出血リスク増加・胃腸障害の悪化,PMDA catalog pair expansion (review recommended),,
イブプロフェンピコノール,カルバマゼピン,高,出血リスク増加・胃腸障害の悪化,PMDA catalog pair expansion (review recommended),,
イブプロフェンピコノール,ジゴキシン,高,出血リスク増加・胃腸障害の悪化,PMDA catalog pair expansion (review recommended),,
イブプロフェンピコノール,インスリン,高,出血リスク増加・胃腸障害の悪化,PMDA catalog pair expansion (review recommended),,
SSRI,イブプロフェンピコノール,高,出血リスク増加・胃腸障害の悪化,PMDA catalog pair expansion (review recommended),,
MAO阻害薬,イブプロフェンピコノール,高,出血リスク増加・胃腸障害の悪化,PMDA catalog pair expansion (review recommended),,
イブプロフェンピコノール,ベンゾジアゼピン系,高,出血リスク増加・胃腸障害の悪化,PMDA catalog pair expansion (review recommended),,
イブプロフェンピコノール,降圧薬,高,出血リスク増加・胃腸障害の悪化,PMDA catalog pair expansion (review recommended),,
イブプロフェンピコノール,クマリン系抗凝血薬,高,出血リスク増加・胃腸障害の悪化,PMDA catalog pair expansion (review recommended),,
イブプロフェンピコノール,タクロリムス,高,出血リスク増加・胃腸障害の悪化,PMDA catalog pair expansion (review recommended),,
イブプロフェンピコノール,シクロホスファミド,高,出血リスク増加・胃腸障害の悪化,PMDA catalog pair expansion (review recommended),,
イブプロフェンピコノール,フルコナゾール,高,出血リスク増加・胃腸障害の悪化,PMDA catalog pair expansion (review recommended),,
イプシロン−アミノカプロン酸,ワーファリン,高,出血リスクの大幅増加,PMDA catalog pair expansion (review recommended),,
イプシロン−アミノカプロン酸,リチウム,中,リチウム中毒のリスク増加,PMDA catalog pair expansion (review recommended),,
イプシロン−アミノカプロン酸,メトトレキサート,高,メトトレキサート中毒のリスク増加,PMDA catalog pair expansion (review recommended),,
アスピリン,イプシロン−アミノカプロン酸,高,出血リスク増加・胃腸障害の悪化,PMDA catalog pair expansion (review recommended),,
ACE阻害薬,イプシロン−アミノカプロン酸,中,腎機能障害のリスク増加,PMDA catalog pair expansion (review recommended),,
ARB,イプシロン−アミノカプロン酸,高,出血リスクの大幅増加,PMDA catalog pair expansion (review recommended),,
イプシロン−アミノカプロン酸,テオフィリン,中,テオフィリン中毒のリスク増加,PMDA catalog pair expansion (review recommended),,
イプシロン−アミノカプロン酸,シクロスポリン,高,出血リスクの大幅増加,PMDA catalog pair expansion (review recommended),,
イプシロン−アミノカプロン酸,フェニトイン,高,出血リスクの大幅増加,PMDA catalog pair expansion (review recommended),,
イプシロン−アミノカプロン酸,カルバマゼピン,高,出血リスクの大幅増加,PMDA catalog pair expansion (review recommended),,
イプシロン−アミノカプロン酸,ジゴキシン,中,ジゴキシン中毒のリスク増加,PMDA catalog pair expansion (review recommended),,
イプシロン−アミノカプロン酸,インスリン,高,出血リスクの大幅増加,PMDA catalog pair expansion (review recommended),,
SSRI,イプシロン−アミノカプロン酸,高,セロトニン症候群のリスク増加,PMDA catalog pair expansion (review recommended),,
MAO阻害薬,イプシロン−アミノカプロン酸,高,重篤な血圧上昇・不整脈のリスク,PMDA catalog pair expansion (review recommended),,
イプシロン−アミノカプロン酸,ベンゾジアゼピン系,高,出血リスクの大幅増加,PMDA catalog pair expansion (review recommended),,
イプシロン−アミノカプロン酸,降圧薬,高,出血リスクの大幅増加,PMDA catalog pair expansion (review recommended),,
イプシロン−アミノカプロン酸,クマリン系抗凝血薬,高,出血リスクの大幅増加,PMDA catalog pair expansion (review recommended),,
イプシロン−アミノカプロン酸,タクロリムス,高,出血リスクの大幅増加,PMDA catalog pair expansion (review recommended),,
イプシロン−アミノカプロン酸,シクロホスファミド,高,出血リスクの大幅増加,PMDA catalog pair expansion (review recommended),,
イプシロン−アミノカプロン酸,フルコナゾール,高,出血リスクの大幅増加,PMDA catalog pair expansion (review recommended),,
イミプロトリン,ワーファリン,高,出血リスクの大幅増加,PMDA catalog pair expansion (review recommended),,
イミプロトリン,リチウム,中,リチウム中毒のリスク増加,PMDA catalog pair expansion (review recommended),,
イミプロトリン,メトトレキサート,高,メトトレキサート中毒のリスク増加,PMDA catalog pair expansion (review recommended),,
アスピリン,イミプロトリン,高,出血リスク増加・胃腸障害の悪化,PMDA catalog pair expansion (review recommended),,
ACE阻害薬,イミプロトリン,中,腎機能障害のリスク増加,PMDA catalog pair expansion (review recommended),,
ARB,イミプロトリン,高,出血リスクの大幅増加,PMDA catalog pair expansion (review recommended),,
イミプロトリン,テオフィリン,中,テオフィリン中毒のリスク増加,PMDA catalog pair expansion (review recommended),,
イミプロトリン,シクロスポリン,高,出血リスクの大幅増加,PMDA catalog pair expansion (review recommended),,
イミプロトリン,フェニトイン,高,出血リスクの大幅増加,PMDA catalog pair expansion (review recommended),,
イミプロトリン,カルバマゼピン,高,出血リスクの大幅増加,PMDA catalog pair expansion (review recommended),,
イミプロトリン,ジゴキシン,中,ジゴキシン中毒のリスク増加,PMDA catalog pair expansion (review recommended),,
イミプロトリン,インスリン,高,出血リスクの大幅増加,PMDA catalog pair expansion (review recommended),,
SSRI,イミプロトリン,高,セロトニン症候群のリスク増加,PMDA catalog pair expansion (review recommended),,
MAO阻害薬,イミプロトリン,高,重篤な血圧上昇・不整脈のリスク,PMDA catalog pair expansion (review recommended),,
イミプロトリン,ベンゾジアゼピン系,高,出血リスクの大幅増加,PMDA catalog pair expansion (review recommended),,
イミプロトリン,降圧薬,高,出血リスクの大幅増加,PMDA catalog pair expansion (review recommended),,
イミプロトリン,クマリン系抗凝血薬,高,出血リスクの大幅増加,PMDA catalog pair expansion (review recommended),,
イミプロトリン,タクロリムス,高,出血リスクの大幅増加,PMDA catalog pair expansion (review recommended),,
イミプロトリン,シクロホスファミド,高,出血リスクの大幅増加,PMDA catalog pair expansion (review recommended),,
イミプロトリン,フルコナゾール,高,出血リスクの大幅増加,PMDA catalog pair expansion (review recommended),,
イレイセン,ワーファリン,高,出血リスクの大幅増加,PMDA catalog pair expansion (review recommended),,
イレイセン,リチウム,中,リチウム中毒のリスク増加,PMDA catalog pair expansion (review recommended),,
イレイセン,メトトレキサート,高,メトトレキサート中毒のリスク増加,PMDA catalog pair expansion (review recommended),,
アスピリン,イレイセン,高,出血リスク増加・胃腸障害の悪化,PMDA catalog pair expansion (review recommended),,
ACE阻害薬,イレイセン,中,腎機能障害のリスク増加,PMDA catalog pair expansion (review recommended),,
ARB,イレイセン,高,出血リスクの大幅増加,PMDA catalog pair expansion (review recommended),,
イレイセン,テオフィリン,中,テオフィリン中毒のリスク増加,PMDA catalog pair expansion (review recommended),,
イレイセン,シクロスポリン,高,出血リスクの大幅増加,PMDA catalog pair expansion (review recommended),,
イレイセン,フェニトイン,高,出血リスクの大幅増加,PMDA catalog pair expansion (review recommended),,
イレイセン,カルバマゼピン,高,出血リスクの大幅増加,PMDA catalog pair expansion (review recommended),,
イレイセン,ジゴキシン,中,ジゴキシン中毒のリスク増加,PMDA catalog pair expansion (review recommended),,
イレイセン,インスリン,高,出血リスクの大幅増加,PMDA catalog pair expansion (review recommended),,
SSRI,イレイセン,高,セロトニン症候群のリスク増加,PMDA catalog pair expansion (review recommended),,
MAO阻害薬,イレイセン,高,重篤な血圧上昇・不整脈のリスク,PMDA catalog pair expansion (review recommended),,
イレイセン,ベンゾジアゼピン系,高,出血リスクの大幅増加,PMDA catalog pair expansion (review recommended),,
イレイセン,降圧薬,高,出血リスクの大幅増加,PMDA catalog pair expansion (review recommended),,
イレイセン,クマリン系抗凝血薬,高,出血リスクの大幅増加,PMDA catalog pair expansion (review recommended),,
イレイセン,タクロリムス,高,出血リスクの大幅増加,PMDA catalog pair expansion (review recommended),,
イレイセン,シクロホスファミド,高,出血リスクの大幅増加,PMDA catalog pair expansion (review recommended),,
イレイセン,フルコナゾール,高,出血リスクの大幅増加,PMDA catalog pair expansion (review recommended),,
インチンコウ,ワーファリン,高,出血リスクの大幅増加,PMDA catalog pair expansion (review recommended),,
インチンコウ,リチウム,中,リチウム中毒のリスク増加,PMDA catalog pair expansion (review recommended),,
インチンコウ,メトトレキサート,高,メトトレキサート中毒のリスク増加,PMDA catalog pair expansion (review recommended),,
アスピリン,インチンコウ,高,出血リスク増加・胃腸障害の悪化,PMDA catalog pair expansion (review recommended),,
ACE阻害薬,インチンコウ,中,腎機能障害のリスク増加,PMDA catalog pair expansion (review recommended),,
ARB,インチンコウ,高,出血リスクの大幅増加,PMDA catalog pair expansion (review recommended),,
インチンコウ,テオフィリン,中,テオフィリン中毒のリスク増加,PMDA catalog pair expansion (review recommended),,
インチンコウ,シクロスポリン,高,出血リスクの大幅増加,PMDA catalog pair expansion (review recommended),,
インチンコウ,フェニトイン,高,出血リスクの大幅増加,PMDA catalog pair expansion (review recommended),,
インチンコウ,カルバマゼピン,高,出血リスクの大幅増加,PMDA catalog pair expansion (review recommended),,
インチンコウ,ジゴキシン,中,ジゴキシン中毒のリスク増加,PMDA catalog pair expansion (review recommended),,
インスリン,インチンコウ,高,出血リスクの大幅増加,PMDA catalog pair expansion (review recommended),,
SSRI,インチンコウ,高,セロトニン症候群のリスク増加,PMDA catalog pair expansion (review recommended),,
MAO阻害薬,インチンコウ,高,重篤な血圧上昇・不整脈のリスク,PMDA catalog pair expansion (review recommended),,
インチンコウ,ベンゾジアゼピン系,高,出血リスクの大幅増加,PMDA catalog pair expansion (review recommended),,
インチンコウ,降圧薬,高,出血リスクの大幅増加,PMDA catalog pair expansion (review recommended),,
インチンコウ,クマリン系抗凝血薬,高,出血リスクの大幅増加,PMDA catalog pair expansion (review recommended),,
インチンコウ,タクロリムス,高,出血リスクの大幅増加,PMDA catalog pair expansion (review recommended),,
インチンコウ,シクロホスファミド,高,出血リスクの大幅増加,PMDA catalog pair expansion (review recommended),,
インチンコウ,フルコナゾール,高,出血リスクの大幅増加,PMDA catalog pair expansion (review recommended),,
インドメタシン,ワーファリン,高,出血リスクの大幅増加,PMDA catalog pair expansion (review recommended),,
インドメタシン,リチウム,中,リチウム中毒のリスク増加,PMDA catalog pair expansion (review recommended),,
インドメタシン,メトトレキサート,高,メトトレキサート中毒のリスク増加,PMDA catalog pair expansion (review recommended),,
アスピリン,インドメタシン,高,出血リスク増加・胃腸障害の悪化,PMDA catalog pair expansion (review recommended),,
ACE阻害薬,インドメタシン,中,腎機能障害のリスク増加,PMDA catalog pair expansion (review recommended),,
ARB,インドメタシン,高,出血リスクの大幅増加,PMDA catalog pair expansion (review recommended),,
インドメタシン,テオフィリン,中,テオフィリン中毒のリスク増加,PMDA catalog pair expansion (review recommended),,
インドメタシン,シクロスポリン,高,出血リスクの大幅増加,PMDA catalog pair expansion (review recommended),,
インドメタシン,フェニトイン,高,出血リスクの大幅増加,PMDA catalog pair expansion (review recommended),,
インドメタシン,カルバマゼピン,高,出血リスクの大幅増加,PMDA catalog pair expansion (review recommended),,
インドメタシン,ジゴキシン,中,ジゴキシン中毒のリスク増加,PMDA catalog pair expansion (review recommended),,
インスリン,インドメタシン,高,出血リスクの大幅増加,PMDA catalog pair expansion (review recommended),,
SSRI,インドメタシン,高,セロトニン症候群のリスク増加,PMDA catalog pair expansion (review recommended),,
MAO阻害薬,インドメタシン,高,重篤な血圧上昇・不整脈のリスク,PMDA catalog pair expansion (review recommended),,
インドメタシン,ベンゾジアゼピン系,高,出血リスクの大幅増加,PMDA catalog pair expansion (review recommended),,
インドメタシン,降圧薬,高,出血リスクの大幅増加,PMDA catalog pair expansion (review recommended),,
インドメタシン,クマリン系抗凝血薬,高,出血リスクの大幅増加,PMDA catalog pair expansion (review recommended),,
インドメタシン,タクロリムス,高,出血リスクの大幅増加,PMDA catalog pair expansion (review recommended),,
インドメタシン,シクロホスファミド,高,出血リスクの大幅増加,PMDA catalog pair expansion (review recommended),,
インドメタシン,フルコナゾール,高,出血リスクの大幅増加,PMDA catalog pair expansion (review recommended),,
インヨウカク,ワーファリン,高,出血リスクの大幅増加,PMDA catalog pair expansion (review recommended),,
インヨウカク,リチウム,中,リチウム中毒のリスク増加,PMDA catalog pair expansion (review recommended),,
インヨウカク,メトトレキサート,高,メトトレキサート中毒のリスク増加,PMDA catalog pair expansion (review recommended),,
アスピリン,インヨウカク,高,出血リスク増加・胃腸障害の悪化,PMDA catalog pair expansion (review recommended),,
ACE阻害薬,インヨウカク,中,腎機能障害のリスク増加,PMDA catalog pair expansion (review recommended),,
ARB,インヨウカク,高,出血リスクの大幅増加,PMDA catalog pair expansion (review recommended),,
インヨウカク,テオフィリン,中,テオフィリン中毒のリスク増加,PMDA catalog pair expansion (review recommended),,
インヨウカク,シクロスポリン,高,出血リスクの大幅増加,PMDA catalog pair expansion (review recommended),,
インヨウカク,フェニトイン,高,出血リスクの大幅増加,PMDA catalog pair expansion (review recommended),,
インヨウカク,カルバマゼピン,高,出血リスクの大幅増加,PMDA catalog pair expansion (review recommended),,
インヨウカク,ジゴキシン,中,ジゴキシン中毒のリスク増加,PMDA catalog pair expansion (review recommended),,
インスリン,インヨウカク,高,出血リスクの大幅増加,PMDA catalog pair expansion (review recommended),,
SSRI,インヨウカク,高,セロトニン症候群のリスク増加,PMDA catalog pair expansion (review recommended),,
MAO阻害薬,インヨウカク,高,重篤な血圧上昇・不整脈のリスク,PMDA catalog pair expansion (review recommended),,
インヨウカク,ベンゾジアゼピン系,高,出血リスクの大幅増加,PMDA catalog pair expansion (review recommended),,
インヨウカク,降圧薬,高,出血リスクの大幅増加,PMDA catalog pair expansion (review recommended),,
インヨウカク,クマリン系抗凝血薬,高,出血リスクの大幅増加,PMDA catalog pair expansion (review recommended),,
インヨウカク,タクロリムス,高,出血リスクの大幅増加,PMDA catalog pair expansion (review recommended),,
インヨウカク,シクロホスファミド,高,出血リスクの大幅増加,PMDA catalog pair expansion (review recommended),,
インヨウカク,フルコナゾール,高,出血リスクの大幅増加,PMDA catalog pair expansion (review recommended),,
インヨウカク流,ワーファリン,高,出血リスクの大幅増加,PMDA catalog pair expansion (review recommended),,
インヨウカク流,リチウム,中,リチウム中毒のリスク増加,PMDA catalog pair expansion (review recommended),,
インヨウカク流,メトトレキサート,高,メトトレキサート中毒のリスク増加,PMDA catalog pair expansion (review recommended),,
アスピリン,インヨウカク流,高,出血リスク増加・胃腸障害の悪化,PMDA catalog pair expansion (review recommended),,
ACE阻害薬,インヨウカク流,中,腎機能障害のリスク増加,PMDA catalog pair expansion (review recommended),,
ARB,インヨウカク流,高,出血リスクの大幅増加,PMDA catalog pair expansion (review recommended),,
インヨウカク流,テオフィリン,中,テオフィリン中毒のリスク増加,PMDA catalog pair expansion (review recommended),,
インヨウカク流,シクロスポリン,高,出血リスクの大幅増加,PMDA catalog pair expansion (review recommended),,
インヨウカク流,フェニトイン,高,出血リスクの大幅増加,PMDA catalog pair expansion (review recommended),,
インヨウカク流,カルバマゼピン,高,出血リスクの大幅増加,PMDA catalog pair expansion (review recommended),,
インヨウカク流,ジゴキシン,中,ジゴキシン中毒のリスク増加,PMDA catalog pair expansion (review recommended),,
インスリン,インヨウカク流,高,出血リスクの大幅増加,PMDA catalog pair expansion (review recommended),,
SSRI,インヨウカク流,高,セロトニン症候群のリスク増加,PMDA catalog pair expansion (review recommended),,
MAO阻害薬,インヨウカク流,高,重篤な血圧上昇・不整脈のリスク,PMDA catalog pair expansion (review recommended),,
インヨウカク流,ベンゾジアゼピン系,高,出血リスクの大幅増加,PMDA catalog pair expansion (review recommended),,
インヨウカク流,降圧薬,高,出血リスクの大幅増加,PMDA catalog pair expansion (review recommended),,
インヨウカク流,クマリン系抗凝血薬,高,出血リスクの大幅増加,PMDA catalog pair expansion (review recommended),,
インヨウカク流,タクロリムス,高,出血リスクの大幅増加,PMDA catalog pair expansion (review recommended),,
インヨウカク流,シクロホスファミド,高,出血リスクの大幅増加,PMDA catalog pair expansion (review recommended),,
インヨウカク流,フルコナゾール,高,出血リスクの大幅増加,PMDA catalog pair expansion (review recommended),,
インヨウカク軟,ワーファリン,高,出血リスクの大幅増加,PMDA catalog pair expansion (review recommended),,
インヨウカク軟,リチウム,中,リチウム中毒のリスク増加,PMDA catalog pair expansion (review recommended),,
インヨウカク軟,メトトレキサート,高,メトトレキサート中毒のリスク増加,PMDA catalog pair expansion (review recommended),,
アスピリン,インヨウカク軟,高,出血リスク増加・胃腸障害の悪化,PMDA catalog pair expansion (review recommended),,
ACE阻害薬,インヨウカク軟,中,腎機能障害のリスク増加,PMDA catalog pair expansion (review recommended),,
ARB,インヨウカク軟,高,出血リスクの大幅増加,PMDA catalog pair expansion (review recommended),,
インヨウカク軟,テオフィリン,中,テオフィリン中毒のリスク増加,PMDA catalog pair expansion (review recommended),,
インヨウカク軟,シクロスポリン,高,出血リスクの大幅増加,PMDA catalog pair expansion (review recommended),,
インヨウカク軟,フェニトイン,高,出血リスクの大幅増加,PMDA catalog pair expansion (review recommended),,
インヨウカク軟,カルバマゼピン,高,出血リスクの大幅増加,PMDA catalog pair expansion (review recommended),,
インヨウカク軟,ジゴキシン,中,ジゴキシン中毒のリスク増加,PMDA catalog pair expansion (review recommended),,
インスリン,インヨウカク軟,高,出血リスクの大幅増加,PMDA catalog pair expansion (review recommended),,
SSRI,インヨウカク軟,高,セロトニン症候群のリスク増加,PMDA catalog pair expansion (review recommended),,
MAO阻害薬,インヨウカク軟,高,重篤な血圧上昇・不整脈のリスク,PMDA catalog pair expansion (review recommended),,
インヨウカク軟,ベンゾジアゼピン系,高,出血リスクの大幅増加,PMDA catalog pair expansion (review recommended),,
インヨウカク軟,降圧薬,高,出血リスクの大幅増加,PMDA catalog pair expansion (review recommended),,
インヨウカク軟,クマリン系抗凝血薬,高,出血リスクの大幅増加,PMDA catalog pair expansion (review recommended),,
インヨウカク軟,タクロリムス,高,出血リスクの大幅増加,PMDA catalog pair expansion (review recommended),,
インヨウカク軟,シクロホスファミド,高,出血リスクの大幅増加,PMDA catalog pair expansion (review recommended),,
インヨウカク軟,フルコナゾール,高,出血リスクの大幅増加,PMDA catalog pair expansion (review recommended),,
ウイキョウ,ワーファリン,高,出血リスクの大幅増加,PMDA catalog pair expansion (review recommended),,
ウイキョウ,リチウム,中,リチウム中毒のリスク増加,PMDA catalog pair expansion (review recommended),,
ウイキョウ,メトトレキサート,高,メトトレキサート中毒のリスク増加,PMDA catalog pair expansion (review recommended),,
アスピリン,ウイキョウ,高,出血リスク増加・胃腸障害の悪化,PMDA catalog pair expansion (review recommended),,
ACE阻害薬,ウイキョウ,中,腎機能障害のリスク増加,PMDA catalog pair expansion (review recommended),,
ARB,ウイキョウ,高,出血リスクの大幅増加,PMDA catalog pair expansion (review recommended),,
ウイキョウ,テオフィリン,中,テオフィリン中毒のリスク増加,PMDA catalog pair expansion (review recommended),,
ウイキョウ,シクロスポリン,高,出血リスクの大幅増加,PMDA catalog pair expansion (review recommended),,
ウイキョウ,フェニトイン,高,出血リスクの大幅増加,PMDA catalog pair expansion (review recommended),,
ウイキョウ,カルバマゼピン,高,出血リスクの大幅増加,PMDA catalog pair expansion (review recommended),,
ウイキョウ,ジゴキシン,中,ジゴキシン中毒のリスク増加,PMDA catalog pair expansion (review recommended),,
インスリン,ウイキョウ,高,出血リスクの大幅増加,PMDA catalog pair expansion (review recommended),,
SSRI,ウイキョウ,高,セロトニン症候群のリスク増加,PMDA catalog pair expansion (review recommended),,
MAO阻害薬,ウイキョウ,高,重篤な血圧上昇・不整脈のリスク,PMDA catalog pair expansion (review recommended),,
ウイキョウ,ベンゾジアゼピン系,高,出血リスクの大幅増加,PMDA catalog pair expansion (review recommended),,
ウイキョウ,降圧薬,高,出血リスクの大幅増加,PMDA catalog pair expansion (review recommended),,
ウイキョウ,クマリン系抗凝血薬,高,出血リスクの大幅増加,PMDA catalog pair expansion (review recommended),,
ウイキョウ,タクロリムス,高,出血リスクの大幅増加,PMDA catalog pair expansion (review recommended),,
ウイキョウ,シクロホスファミド,高,出血リスクの大幅増加,PMDA catalog pair expansion (review recommended),,
ウイキョウ,フルコナゾール,高,出血リスクの大幅増加,PMDA catalog pair expansion (review recommended),,
ウイキョウ油,ワーファリン,高,出血リスクの大幅増加,PMDA catalog pair expansion (review recommended),,
ウイキョウ油,リチウム,中,リチウム中毒のリスク増加,PMDA catalog pair expansion (review recommended),,
ウイキョウ油,メトトレキサート,高,メトトレキサート中毒のリスク増加,PMDA catalog pair expansion (review recommended),,
アスピリン,ウイキョウ油,高,出血リスク増加・胃腸障害の悪化,PMDA catalog pair expansion (review recommended),,
ACE阻害薬,ウイキョウ油,中,腎機能障害のリスク増加,PMDA catalog pair expansion (review recommended),,
ARB,ウイキョウ油,高,出血リスクの大幅増加,PMDA catalog pair expansion (review recommended),,
ウイキョウ油,テオフィリン,中,テオフィリン中毒のリスク増加,PMDA catalog pair expansion (review recommended),,
ウイキョウ油,シクロスポリン,高,出血リスクの大幅増加,PMDA catalog pair expansion (review recommended),,
ウイキョウ油,フェニトイン,高,出血リスクの大幅増加,PMDA catalog pair expansion (review recommended),,
ウイキョウ油,カルバマゼピン,高,出血リスクの大幅増加,PMDA catalog pair expansion (review recommended),,
ウイキョウ油,ジゴキシン,中,ジゴキシン中毒のリスク増加,PMDA catalog pair expansion (review recommended),,
インスリン,ウイキョウ油,高,出血リスクの大幅増加,PMDA catalog pair expansion (review recommended),,
SSRI,ウイキョウ油,高,セロトニン症候群のリスク増加,PMDA catalog pair expansion (review recommended),,
MAO阻害薬,ウイキョウ油,高,重篤な血圧上昇・不整脈のリスク,PMDA catalog pair expansion (review recommended),,
ウイキョウ油,ベンゾジアゼピン系,高,出血リスクの大幅増加,PMDA catalog pair expansion (review recommended),,
ウイキョウ油,降圧薬,高,出血リスクの大幅増加,PMDA catalog pair expansion (review recommended),,
ウイキョウ油,クマリン系抗凝血薬,高,出血リスクの大幅増加,PMDA catalog pair expansion (review recommended),,
ウイキョウ油,タクロリムス,高,出血リスクの大幅増加,PMDA catalog pair expansion (review recommended),,
ウイキョウ油,シクロホスファミド,高,出血リスクの大幅増加,PMDA catalog pair expansion (review recommended),,
ウイキョウ油,フルコナゾール,高,出血リスクの大幅増加,PMDA catalog pair expansion (review recommended),,
ウイキョウ流,ワーファリン,高,出血リスクの大幅増加,PMDA catalog pair expansion (review recommended),,
ウイキョウ流,リチウム,中,リチウム中毒のリスク増加,PMDA catalog pair expansion (review recommended),,
ウイキョウ流,メトトレキサート,高,メトトレキサート中毒のリスク増加,PMDA catalog pair expansion (review recommended),,
アスピリン,ウイキョウ流,高,出血リスク増加・胃腸障害の悪化,PMDA catalog pair expansion (review recommended),,
ACE阻害薬,ウイキョウ流,中,腎機能障害のリスク増加,PMDA catalog pair expansion (review recommended),,
ARB,ウイキョウ流,高,出血リスクの大幅増加,PMDA catalog pair expansion (review recommended),,
ウイキョウ流,テオフィリン,中,テオフィリン中毒のリスク増加,PMDA catalog pair expansion (review recommended),,
ウイキョウ流,シクロスポリン,高,出血リスクの大幅増加,PMDA catalog pair expansion (review recommended),,
ウイキョウ流,フェニトイン,高,出血リスクの大幅増加,PMDA catalog pair expansion (review recommended),,
ウイキョウ流,カルバマゼピン,高,出血リスクの大幅増加,PMDA catalog pair expansion (review recommended),,
ウイキョウ流,ジゴキシン,中,ジゴキシン中毒のリスク増加,PMDA catalog pair expansion (review recommended),,
インスリン,ウイキョウ流,高,出血リスクの大幅増加,PMDA catalog pair expansion (review recommended),,
SSRI,ウイキョウ流,高,セロトニン症候群のリスク増加,PMDA catalog pair expansion (review recommended),,
MAO阻害薬,ウイキョウ流,高,重篤な血圧上昇・不整脈のリスク,PMDA catalog pair expansion (review recommended),,
ウイキョウ流,ベンゾジアゼピン系,高,出血リスクの大幅増加,PMDA catalog pair expansion (review recommended),,
ウイキョウ流,降圧薬,高,出血リスクの大幅増加,PMDA catalog pair expansion (review recommended),,
ウイキョウ流,クマリン系抗凝血薬,高,出血リスクの大幅増加,PMDA catalog pair expansion (review recommended),,
ウイキョウ流,タクロリムス,高,出血リスクの大幅増加,PMDA catalog pair expansion (review recommended),,
ウイキョウ流,シクロホスファミド,高,出血リスクの大幅増加,PMDA catalog pair expansion (review recommended),,
ウイキョウ流,フルコナゾール,高,出血リスクの大幅増加,PMDA catalog pair expansion (review recommended),,
ウコン,ワーファリン,高,出血リスクの大幅増加,PMDA catalog pair expansion (review recommended),,
ウコン,リチウム,中,リチウム中毒のリスク増加,PMDA catalog pair expansion (review recommended),,
ウコン,メトトレキサート,高,メトトレキサート中毒のリスク増加,PMDA catalog pair expansion (review recommended),,
アスピリン,ウコン,高,出血リスク増加・胃腸障害の悪化,PMDA catalog pair expansion (review recommended),,
ACE阻害薬,ウコン,中,腎機能障害のリスク増加,PMDA catalog pair expansion (review recommended),,
ARB,ウコン,高,出血リスクの大幅増加,PMDA catalog pair expansion (review recommended),,
ウコン,テオフィリン,中,テオフィリン中毒のリスク増加,PMDA catalog pair expansion (review recommended),,
ウコン,シクロスポリン,高,出血リスクの大幅増加,PMDA catalog pair expansion (review recommended),,
ウコン,フェニトイン,高,出血リスクの大幅増加,PMDA catalog pair expansion (review recommended),,
ウコン,カルバマゼピン,高,出血リスクの大幅増加,PMDA catalog pair expansion (review recommended),,
ウコン,ジゴキシン,中,ジゴキシン中毒のリスク増加,PMDA catalog pair expansion (review recommended),,
インスリン,ウコン,高,出血リスクの大幅増加,PMDA catalog pair expansion (review recommended),,
SSRI,ウコン,高,セロトニン症候群のリスク増加,PMDA catalog pair expansion (review recommended),,
MAO阻害薬,ウコン,高,重篤な血圧上昇・不整脈のリスク,PMDA catalog pair expansion (review recommended),,
ウコン,ベンゾジアゼピン系,高,出血リスクの大幅増加,PMDA catalog pair expansion (review recommended),,
ウコン,降圧薬,高,出血リスクの大幅増加,PMDA catalog pair expansion (review recommended),,
ウコン,クマリン系抗凝血薬,高,出血リスクの大幅増加,PMDA catalog pair expansion (review recommended),,
ウコン,タクロリムス,高,出血リスクの大幅増加,PMDA catalog pair expansion (review recommended),,
ウコン,シクロホスファミド,高,出血リスクの大幅増加,PMDA catalog pair expansion (review recommended),,
ウコン,フルコナゾール,高,出血リスクの大幅増加,PMDA catalog pair expansion (review recommended),,
ウコン流,ワーファリン,高,出血リスクの大幅増加,PMDA catalog pair expansion (review recommended),,
ウコン流,リチウム,中,リチウム中毒のリスク増加,PMDA catalog pair expansion (review recommended),,
ウコン流,メトトレキサート,高,メトトレキサート中毒のリスク増加,PMDA catalog pair expansion (review recommended),,
アスピリン,ウコン流,高,出血リスク増加・胃腸障害の悪化,PMDA catalog pair expansion (review recommended),,
ACE阻害薬,ウコン流,中,腎機能障害のリスク増加,PMDA catalog pair expansion (review recommended),,
ARB,ウコン流,高,出血リスクの大幅増加,PMDA catalog pair expansion (review recommended),,
ウコン流,テオフィリン,中,テオフィリン中毒のリスク増加,PMDA catalog pair expansion (review recommended),,
ウコン流,シクロスポリン,高,出血リスクの大幅増加,PMDA catalog pair expansion (review recommended),,
ウコン流,フェニトイン,高,出血リスクの大幅増加,PMDA catalog pair expansion (review recommended),,
ウコン流,カルバマゼピン,高,出血リスクの大幅増加,PMDA catalog pair expansion (review recommended),,
ウコン流,ジゴキシン,中,ジゴキシン中毒のリスク増加,PMDA catalog pair expansion (review recommended),,
インスリン,ウコン流,高,出血リスクの大幅増加,PMDA catalog pair expansion (review recommended),,
SSRI,ウコン流,高,セロトニン症候群のリスク増加,PMDA catalog pair expansion (review recommended),,
MAO阻害薬,ウコン流,高,重篤な血圧上昇・不整脈のリスク,PMDA catalog pair expansion (review recommended),,
ウコン流,ベンゾジアゼピン系,高,出血リスクの大幅増加,PMDA catalog pair expansion (review recommended),,
ウコン流,降圧薬,高,出血リスクの大幅増加,PMDA catalog pair expansion (review recommended),,
ウコン流,クマリン系抗凝血薬,高,出血リスクの大幅増加,PMDA catalog pair expansion (review recommended),,
ウコン流,タクロリムス,高,出血リスクの大幅増加,PMDA catalog pair expansion (review recommended),,
ウコン流,シクロホスファミド,高,出血リスクの大幅増加,PMDA catalog pair expansion (review recommended),,
ウコン流,フルコナゾール,高,出血リスクの大幅増加,PMDA catalog pair expansion (review recommended),,
ウシ胆汁,ワーファリン,高,出血リスクの大幅増加,PMDA catalog pair expansion (review recommended),,
ウシ胆汁,リチウム,中,リチウム中毒のリスク増加,PMDA catalog pair expansion (review recommended),,
ウシ胆汁,メトトレキサート,高,メトトレキサート中毒のリスク増加,PMDA catalog pair expansion (review recommended),,
アスピリン,ウシ胆汁,高,出血リスク増加・胃腸障害の悪化,PMDA catalog pair expansion (review recommended),,
ACE阻害薬,ウシ胆汁,中,腎機能障害のリスク増加,PMDA catalog pair expansion (review recommended),,
ARB,ウシ胆汁,高,出血リスクの大幅増加,PMDA catalog pair expansion (review recommended),,
ウシ胆汁,テオフィリン,中,テオフィリン中毒のリスク増加,PMDA catalog pair expansion (review recommended),,
ウシ胆汁,シクロスポリン,高,出血リスクの大幅増加,PMDA catalog pair expansion (review recommended),,
ウシ胆汁,フェニトイン,高,出血リスクの大幅増加,PMDA catalog pair expansion (review recommended),,
ウシ胆汁,カルバマゼピン,高,出血リスクの大幅増加,PMDA catalog pair expansion (review recommended),,
ウシ胆汁,ジゴキシン,中,ジゴキシン中毒のリスク増加,PMDA catalog pair expansion (review recommended),,
インスリン,ウシ胆汁,高,出血リスクの大幅増加,PMDA catalog pair expansion (review recommended),,
SSRI,ウシ胆汁,高,セロトニン症候群のリスク増加,PMDA catalog pair expansion (review recommended),,
MAO阻害薬,ウシ胆汁,高,重篤な血圧上昇・不整脈のリスク,PMDA catalog pair expansion (review recommended),,
ウシ胆汁,ベンゾジアゼピン系,高,出血リスクの大幅増加,PMDA catalog pair expansion (review recommended),,
ウシ胆汁,降圧薬,高,出血リスクの大幅増加,PMDA catalog pair expansion (review recommended),,
ウシ胆汁,クマリン系抗凝血薬,高,出血リスクの大幅増加,PMDA catalog pair expansion (review recommended),,
ウシ胆汁,タクロリムス,高,出血リスクの大幅増加,PMDA catalog pair expansion (review recommended),,
ウシ胆汁,シクロホスファミド,高,出血リスクの大幅増加,PMDA catalog pair expansion (review recommended),,
ウシ胆汁,フルコナゾール,高,出血リスクの大幅増加,PMDA catalog pair expansion (review recommended),,
ウバイ,ワーファリン,高,出血リスクの大幅増加,PMDA catalog pair expansion (review recommended),,
ウバイ,リチウム,中,リチウム中毒のリスク増加,PMDA catalog pair expansion (review recommended),,
ウバイ,メトトレキサート,高,メトトレキサート中毒のリスク増加,PMDA catalog pair expansion (review recommended),,
アスピリン,ウバイ,高,出血リスク増加・胃腸障害の悪化,PMDA catalog pair expansion (review recommended),,
ACE阻害薬,ウバイ,中,腎機能障害のリスク増加,PMDA catalog pair expansion (review recommended),,
ARB,ウバイ,高,出血リスクの大幅増加,PMDA catalog pair expansion (review recommended),,
ウバイ,テオフィリン,中,テオフィリン中毒のリスク増加,PMDA catalog pair expansion (review recommended),,
ウバイ,シクロスポリン,高,出血リスクの大幅増加,PMDA catalog pair expansion (review recommended),,
ウバイ,フェニトイン,高,出血リスクの大幅増加,PMDA catalog pair expansion (review recommended),,
ウバイ,カルバマゼピン,高,出血リスクの大幅増加,PMDA catalog pair expansion (review recommended),,
ウバイ,ジゴキシン,中,ジゴキシン中毒のリスク増加,PMDA catalog pair expansion (review recommended),,
インスリン,ウバイ,高,出血リスクの大幅増加,PMDA catalog pair expansion (review recommended),,
SSRI,ウバイ,高,セロトニン症候群のリスク増加,PMDA catalog pair expansion (review recommended),,
MAO阻害薬,ウバイ,高,重篤な血圧上昇・不整脈のリスク,PMDA catalog pair expansion (review recommended),,
ウバイ,ベンゾジアゼピン系,高,出血リスクの大幅増加,PMDA catalog pair expansion (review recommended),,
ウバイ,降圧薬,高,出血リスクの大幅増加,PMDA catalog pair expansion (review recommended),,
ウバイ,クマリン系抗凝血薬,高,出血リスクの大幅増加,PMDA catalog pair expansion (review recommended),,
ウバイ,タクロリムス,高,出血リスクの大幅増加,PMDA catalog pair expansion (review recommended),,
ウバイ,シクロホスファミド,高,出血リスクの大幅増加,PMDA catalog pair expansion (review recommended),,
ウバイ,フルコナゾール,高,出血リスクの大幅増加,PMDA catalog pair expansion (review recommended),,
ウフェナマート,ワーファリン,高,出血リスクの大幅増加,PMDA catalog pair expansion (review recommended),,
ウフェナマート,リチウム,中,リチウム中毒のリスク増加,PMDA catalog pair expansion (review recommended),,
ウフェナマート,メトトレキサート,高,メトトレキサート中毒のリスク増加,PMDA catalog pair expansion (review recommended),,
アスピリン,ウフェナマート,高,出血リスク増加・胃腸障害の悪化,PMDA catalog pair expansion (review recommended),,
ACE阻害薬,ウフェナマート,中,腎機能障害のリスク増加,PMDA catalog pair expansion (review recommended),,
ARB,ウフェナマート,高,出血リスクの大幅増加,PMDA catalog pair expansion (review recommended),,
ウフェナマート,テオフィリン,中,テオフィリン中毒のリスク増加,PMDA catalog pair expansion (review recommended),,
ウフェナマート,シクロスポリン,高,出血リスクの大幅増加,PMDA catalog pair expansion (review recommended),,
ウフェナマート,フェニトイン,高,出血リスクの大幅増加,PMDA catalog pair expansion (review recommended),,
ウフェナマート,カルバマゼピン,高,出血リスクの大幅増加,PMDA catalog pair expansion (review recommended),,
ウフェナマート,ジゴキシン,中,ジゴキシン中毒のリスク増加,PMDA catalog pair expansion (review recommended),,
インスリン,ウフェナマート,高,出血リスクの大幅増加,PMDA catalog pair expansion (review recommended),,
SSRI,ウフェナマート,高,セロトニン症候群のリスク増加,PMDA catalog pair expansion (review recommended),,
MAO阻害薬,ウフェナマート,高,重篤な血圧上昇・不整脈のリスク,PMDA catalog pair expansion (review recommended),,
ウフェナマート,ベンゾジアゼピン系,高,出血リスクの大幅増加,PMDA catalog pair expansion (review recommended),,
ウフェナマート,降圧薬,高,出血リスクの大幅増加,PMDA catalog pair expansion (review recommended),,
ウフェナマート,クマリン系抗凝血薬,高,出血リスクの大幅増加,PMDA catalog pair expansion (review recommended),,
ウフェナマート,タクロリムス,高,出血リスクの大幅増加,PMDA catalog pair expansion (review recommended),,
ウフェナマート,シクロホスファミド,高,出血リスクの大幅増加,PMDA catalog pair expansion (review recommended),,
ウフェナマート,フルコナゾール,高,出血リスクの大幅増加,PMDA catalog pair expansion (review recommended),,
ウヤク,ワーファリン,高,出血リスクの大幅増加,PMDA catalog pair expansion (review recommended),,
ウヤク,リチウム,中,リチウム中毒のリスク増加,PMDA catalog pair expansion (review recommended),,
ウヤク,メトトレキサート,高,メトトレキサート中毒のリスク増加,PMDA catalog pair expansion (review recommended),,
アスピリン,ウヤク,高,出血リスク増加・胃腸障害の悪化,PMDA catalog pair expansion (review recommended),,
ACE阻害薬,ウヤク,中,腎機能障害のリスク増加,PMDA catalog pair expansion (review recommended),,
ARB,ウヤク,高,出血リスクの大幅増加,PMDA catalog pair expansion (review recommended),,
ウヤク,テオフィリン,中,テオフィリン中毒のリスク増加,PMDA catalog pair expansion (review recommended),,
ウヤク,シクロスポリン,高,出血リスクの大幅増加,PMDA catalog pair expansion (review recommended),,
ウヤク,フェニトイン,高,出血リスクの大幅増加,PMDA catalog pair expansion (review recommended),,
ウヤク,カルバマゼピン,高,出血リスクの大幅増加,PMDA catalog pair expansion (review recommended),,
ウヤク,ジゴキシン,中,ジゴキシン中毒のリスク増加,PMDA catalog pair expansion (review recommended),,
インスリン,ウヤク,高,出血リスクの大幅増加,PMDA catalog pair expansion (review recommended),,
SSRI,ウヤク,高,セロトニン症候群のリスク増加,PMDA catalog pair expansion (review recommended),,
MAO阻害薬,ウヤク,高,重篤な血圧上昇・不整脈のリスク,PMDA catalog pair expansion (review recommended),,
ウヤク,ベンゾジアゼピン系,高,出血リスクの大幅増加,PMDA catalog pair expansion (review recommended),,
ウヤク,降圧薬,高,出血リスクの大幅増加,PMDA catalog pair expansion (review recommended),,
ウヤク,クマリン系抗凝血薬,高,出血リスクの大幅増加,PMDA catalog pair expansion (review recommended),,
ウヤク,タクロリムス,高,出血リスクの大幅増加,PMDA catalog pair expansion (review recommended),,
ウヤク,シクロホスファミド,高,出血リスクの大幅増加,PMDA catalog pair expansion (review recommended),,
ウヤク,フルコナゾール,高,出血リスクの大幅増加,PMDA catalog pair expansion (review recommended),,
ウルソデオキシコール酸,ワーファリン,高,出血リスクの大幅増加,PMDA catalog pair expansion (review recommended),,
ウルソデオキシコール酸,リチウム,中,リチウム中毒のリスク増加,PMDA catalog pair expansion (review recommended),,
ウルソデオキシコール酸,メトトレキサート,高,メトトレキサート中毒のリスク増加,PMDA catalog pair expansion (review recommended),,
アスピリン,ウルソデオキシコール酸,高,出血リスク増加・胃腸障害の悪化,PMDA catalog pair expansion (review recommended),,
ACE阻害薬,ウルソデオキシコール酸,中,腎機能障害のリスク増加,PMDA catalog pair expansion (review recommended),,
ARB,ウルソデオキシコール酸,高,出血リスクの大幅増加,PMDA catalog pair expansion (review recommended),,
ウルソデオキシコール酸,テオフィリン,中,テオフィリン中毒のリスク増加,PMDA catalog pair expansion (review recommended),,
ウルソデオキシコール酸,シクロスポリン,高,出血リスクの大幅増加,PMDA catalog pair expansion (review recommended),,
ウルソデオキシコール酸,フェニトイン,高,出血リスクの大幅増加,PMDA catalog pair expansion (review recommended),,
ウルソデオキシコール酸,カルバマゼピン,高,出血リスクの大幅増加,PMDA catalog pair expansion (review recommended),,
ウルソデオキシコール酸,ジゴキシン,中,ジゴキシン中毒のリスク増加,PMDA catalog pair expansion (review recommended),,
インスリン,ウルソデオキシコール酸,高,出血リスクの大幅増加,PMDA catalog pair expansion (review recommended),,
SSRI,ウルソデオキシコール酸,高,セロトニン症候群のリスク増加,PMDA catalog pair expansion (review recommended),,
MAO阻害薬,ウルソデオキシコール酸,高,重篤な血圧上昇・不整脈のリスク,PMDA catalog pair expansion (review recommended),,
ウルソデオキシコール酸,ベンゾジアゼピン系,高,出血リスクの大幅増加,PMDA catalog pair expansion (review recommended),,
ウルソデオキシコール酸,降圧薬,高,出血リスクの大幅増加,PMDA catalog pair expansion (review recommended),,
ウルソデオキシコール酸,クマリン系抗凝血薬,高,出血リスクの大幅増加,PMDA catalog pair expansion (review recommended),,
ウルソデオキシコール酸,タクロリムス,高,出血リスクの大幅増加,PMDA catalog pair expansion (review recommended),,
ウルソデオキシコール酸,シクロホスファミド,高,出血リスクの大幅増加,PMDA catalog pair expansion (review recommended),,
ウルソデオキシコール酸,フルコナゾール,高,出血リスクの大幅増加,PMDA catalog pair expansion (review recommended),,
ウワウルシ,ワーファリン,高,出血リスクの大幅増加,PMDA catalog pair expansion (review recommended),,
ウワウルシ,リチウム,中,リチウム中毒のリスク増加,PMDA catalog pair expansion (review recommended),,
ウワウルシ,メトトレキサート,高,メトトレキサート中毒のリスク増加,PMDA catalog pair expansion (review recommended),,
アスピリン,ウワウルシ,高,出血リスク増加・胃腸障害の悪化,PMDA catalog pair expansion (review recommended),,
ACE阻害薬,ウワウルシ,中,腎機能障害のリスク増加,PMDA catalog pair expansion (review recommended),,
ARB,ウワウルシ,高,出血リスクの大幅増加,PMDA catalog pair expansion (review recommended),,
ウワウルシ,テオフィリン,中,テオフィリン中毒のリスク増加,PMDA catalog pair expansion (review recommended),,
ウワウルシ,シクロスポリン,高,出血リスクの大幅増加,PMDA catalog pair expansion (review recommended),,
ウワウルシ,フェニトイン,高,出血リスクの大幅増加,PMDA catalog pair expansion (review recommended),,
ウワウルシ,カルバマゼピン,高,出血リスクの大幅増加,PMDA catalog pair expansion (review recommended),,
ウワウルシ,ジゴキシン,中,ジゴキシン中毒のリスク増加,PMDA catalog pair expansion (review recommended),,
インスリン,ウワウルシ,高,出血リスクの大幅増加,PMDA catalog pair expansion (review recommended),,
SSRI,ウワウルシ,高,セロトニン症候群のリスク増加,PMDA catalog pair expansion (review recommended),,
MAO阻害薬,ウワウルシ,高,重篤な血圧上昇・不整脈のリスク,PMDA catalog pair expansion (review recommended),,
ウワウルシ,ベンゾジアゼピン系,高,出血リスクの大幅増加,PMDA catalog pair expansion (review recommended),,
ウワウルシ,降圧薬,高,出血リスクの大幅増加,PMDA catalog pair expansion (review recommended),,
ウワウルシ,クマリン系抗凝血薬,高,出血リスクの大幅増加,PMDA catalog pair expansion (review recommended),,
ウワウルシ,タクロリムス,高,出血リスクの大幅増加,PMDA catalog pair expansion (review recommended),,
ウワウルシ,シクロホスファミド,高,出血リスクの大幅増加,PMDA catalog pair expansion (review recommended),,
ウワウルシ,フルコナゾール,高,出血リスクの大幅増加,PMDA catalog pair expansion (review recommended),,
ウワウルシ乾燥,ワーファリン,高,出血リスクの大幅増加,PMDA catalog pair expansion (review recommended),,
ウワウルシ乾燥,リチウム,中,リチウム中毒のリスク増加,PMDA catalog pair expansion (review recommended),,
ウワウルシ乾燥,メトトレキサート,高,メトトレキサート中毒のリスク増加,PMDA catalog pair expansion (review recommended),,
アスピリン,ウワウルシ乾燥,高,出血リスク増加・胃腸障害の悪化,PMDA catalog pair expansion (review recommended),,
ACE阻害薬,ウワウルシ乾燥,中,腎機能障害のリスク増加,PMDA catalog pair expansion (review recommended),,
ARB,ウワウルシ乾燥,高,出血リスクの大幅増加,PMDA catalog pair expansion (review recommended),,
ウワウルシ乾燥,テオフィリン,中,テオフィリン中毒のリスク増加,PMDA catalog pair expansion (review recommended),,
ウワウルシ乾燥,シクロスポリン,高,出血リスクの大幅増加,PMDA catalog pair expansion (review recommended),,
ウワウルシ乾燥,フェニトイン,高,出血リスクの大幅増加,PMDA catalog pair expansion (review recommended),,
ウワウルシ乾燥,カルバマゼピン,高,出血リスクの大幅増加,PMDA catalog pair expansion (review recommended),,
ウワウルシ乾燥,ジゴキシン,中,ジゴキシン中毒のリスク増加,PMDA catalog pair expansion (review recommended),,
インスリン,ウワウルシ乾燥,高,出血リスクの大幅増加,PMDA catalog pair expansion (review recommended),,
SSRI,ウワウルシ乾燥,高,セロトニン症候群のリスク増加,PMDA catalog pair expansion (review recommended),,
MAO阻害薬,ウワウルシ乾燥,高,重篤な血圧上昇・不整脈のリスク,PMDA catalog pair expansion (review recommended),,
ウワウルシ乾燥,ベンゾジアゼピン系,高,出血リスクの大幅増加,PMDA catalog pair expansion (review recommended),,
ウワウルシ乾燥,降圧薬,高,出血リスクの大幅増加,PMDA catalog pair expansion (review recommended),,
ウワウルシ乾燥,クマリン系抗凝血薬,高,出血リスクの大幅増加,PMDA catalog pair expansion (review recommended),,
ウワウルシ乾燥,タクロリムス,高,出血リスクの大幅増加,PMDA catalog pair expansion (review recommended),,
ウワウルシ乾燥,シクロホスファミド,高,出血リスクの大幅増加,PMDA catalog pair expansion (review recommended),,
ウワウルシ乾燥,フルコナゾール,高,出血リスクの大幅増加,PMDA catalog pair expansion (review recommended),,
ウンデシレン酸,ワーファリン,高,出血リスクの大幅増加,PMDA catalog pair expansion (review recommended),,
ウンデシレン酸,リチウム,中,リチウム中毒のリスク増加,PMDA catalog pair expansion (review recommended),,
ウンデシレン酸,メトトレキサート,高,メトトレキサート中毒のリスク増加,PMDA catalog pair expansion (review recommended),,
アスピリン,ウンデシレン酸,高,出血リスク増加・胃腸障害の悪化,PMDA catalog pair expansion (review recommended),,
ACE阻害薬,ウンデシレン酸,中,腎機能障害のリスク増加,PMDA catalog pair expansion (review recommended),,
ARB,ウンデシレン酸,高,出血リスクの大幅増加,PMDA catalog pair expansion (review recommended),,
ウンデシレン酸,テオフィリン,中,テオフィリン中毒のリスク増加,PMDA catalog pair expansion (review recommended),,
ウンデシレン酸,シクロスポリン,高,出血リスクの大幅増加,PMDA catalog pair expansion (review recommended),,
ウンデシレン酸,フェニトイン,高,出血リスクの大幅増加,PMDA catalog pair expansion (review recommended),,
ウンデシレン酸,カルバマゼピン,高,出血リスクの大幅増加,PMDA catalog pair expansion (review recommended),,
ウンデシレン酸,ジゴキシン,中,ジゴキシン中毒のリスク増加,PMDA catalog pair expansion (review recommended),,
インスリン,ウンデシレン酸,高,出血リスクの大幅増加,PMDA catalog pair expansion (review recommended),,
SSRI,ウンデシレン酸,高,セロトニン症候群のリスク増加,PMDA catalog pair expansion (review recommended),,
MAO阻害薬,ウンデシレン酸,高,重篤な血圧上昇・不整脈のリスク,PMDA catalog pair expansion (review recommended),,
ウンデシレン酸,ベンゾジアゼピン系,高,出血リスクの大幅増加,PMDA catalog pair expansion (review recommended),,
ウンデシレン酸,降圧薬,高,出血リスクの大幅増加,PMDA catalog pair expansion (review recommended),,
ウンデシレン酸,クマリン系抗凝血薬,高,出血リスクの大幅増加,PMDA catalog pair expansion (review recommended),,
ウンデシレン酸,タクロリムス,高,出血リスクの大幅増加,PMDA catalog pair expansion (review recommended),,
ウンデシレン酸,シクロホスファミド,高,出血リスクの大幅増加,PMDA catalog pair expansion (review recommended),,
ウンデシレン酸,フルコナゾール,高,出血リスクの大幅増加,PMDA catalog pair expansion (review recommended),,
ウンデシレン酸亜鉛,ワーファリン,高,出血リスクの大幅増加,PMDA catalog pair expansion (review recommended),,
ウンデシレン酸亜鉛,リチウム,中,リチウム中毒のリスク増加,PMDA catalog pair expansion (review recommended),,
ウンデシレン酸亜鉛,メトトレキサート,高,メトトレキサート中毒のリスク増加,PMDA catalog pair expansion (review recommended),,
アスピリン,ウンデシレン酸亜鉛,高,出血リスク増加・胃腸障害の悪化,PMDA catalog pair expansion (review recommended),,
ACE阻害薬,ウンデシレン酸亜鉛,中,腎機能障害のリスク増加,PMDA catalog pair expansion (review recommended),,
ARB,ウンデシレン酸亜鉛,高,出血リスクの大幅増加,PMDA catalog pair expansion (review recommended),,
ウンデシレン酸亜鉛,テオフィリン,中,テオフィリン中毒のリスク増加,PMDA catalog pair expansion (review recommended),,
ウンデシレン酸亜鉛,シクロスポリン,高,出血リスクの大幅増加,PMDA catalog pair expansion (review recommended),,
ウンデシレン酸亜鉛,フェニトイン,高,出血リスクの大幅増加,PMDA catalog pair expansion (review recommended),,
ウンデシレン酸亜鉛,カルバマゼピン,高,出血リスクの大幅増加,PMDA catalog pair expansion (review recommended),,
ウンデシレン酸亜鉛,ジゴキシン,中,ジゴキシン中毒のリスク増加,PMDA catalog pair expansion (review recommended),,
インスリン,ウンデシレン酸亜鉛,高,出血リスクの大幅増加,PMDA catalog pair expansion (review recommended),,
SSRI,ウンデシレン酸亜鉛,高,セロトニン症候群のリスク増加,PMDA catalog pair expansion (review recommended),,
MAO阻害薬,ウンデシレン酸亜鉛,高,重篤な血圧上昇・不整脈のリスク,PMDA catalog pair expansion (review recommended),,
ウンデシレン酸亜鉛,ベンゾジアゼピン系,高,出血リスクの大幅増加,PMDA catalog pair expansion (review recommended),,
ウンデシレン酸亜鉛,降圧薬,高,出血リスクの大幅増加,PMDA catalog pair expansion (review recommended),,
ウンデシレン酸亜鉛,クマリン系抗凝血薬,高,出血リスクの大幅増加,PMDA catalog pair expansion (review recommended),,
ウンデシレン酸亜鉛,タクロリムス,高,出血リスクの大幅増加,PMDA catalog pair expansion (review recommended),,
ウンデシレン酸亜鉛,シクロホスファミド,高,出血リスクの大幅増加,PMDA catalog pair expansion (review recommended),,
ウンデシレン酸亜鉛,フルコナゾール,高,出血リスクの大幅増加,PMDA catalog pair expansion (review recommended),,
エイジツ,ワーファリン,高,出血リスクの大幅増加,PMDA catalog pair expansion (review recommended),,
エイジツ,リチウム,中,リチウム中毒のリスク増加,PMDA catalog pair expansion (review recommended),,
エイジツ,メトトレキサート,高,メトトレキサート中毒のリスク増加,PMDA catalog pair expansion (review recommended),,
アスピリン,エイジツ,高,出血リスク増加・胃腸障害の悪化,PMDA catalog pair expansion (review recommended),,
ACE阻害薬,エイジツ,中,腎機能障害のリスク増加,PMDA catalog pair expansion (review recommended),,
ARB,エイジツ,高,出血リスクの大幅増加,PMDA catalog pair expansion (review recommended),,
エイジツ,テオフィリン,中,テオフィリン中毒のリスク増加,PMDA catalog pair expansion (review recommended),,
エイジツ,シクロスポリン,高,出血リスクの大幅増加,PMDA catalog pair expansion (review recommended),,
エイジツ,フェニトイン,高,出血リスクの大幅増加,PMDA catalog pair expansion (review recommended),,
エイジツ,カルバマゼピン,高,出血リスクの大幅増加,PMDA catalog pair expansion (review recommended),,
エイジツ,ジゴキシン,中,ジゴキシン中毒のリスク増加,PMDA catalog pair expansion (review recommended),,
インスリン,エイジツ,高,出血リスクの大幅増加,PMDA catalog pair expansion (review recommended),,
SSRI,エイジツ,高,セロトニン症候群のリスク増加,PMDA catalog pair expansion (review recommended),,
MAO阻害薬,エイジツ,高,重篤な血圧上昇・不整脈のリスク,PMDA catalog pair expansion (review recommended),,
エイジツ,ベンゾジアゼピン系,高,出血リスクの大幅増加,PMDA catalog pair expansion (review recommended),,
エイジツ,降圧薬,高,出血リスクの大幅増加,PMDA catalog pair expansion (review recommended),,
エイジツ,クマリン系抗凝血薬,高,出血リスクの大幅増加,PMDA catalog pair expansion (review recommended),,
エイジツ,タクロリムス,高,出血リスクの大幅増加,PMDA catalog pair expansion (review recommended),,
エイジツ,シクロホスファミド,高,出血リスクの大幅増加,PMDA catalog pair expansion (review recommended),,
エイジツ,フルコナゾール,高,出血リスクの大幅増加,PMDA catalog pair expansion (review recommended),,
エコナゾール硝酸塩,ワーファリン,高,出血リスクの大幅増加,PMDA catalog pair expansion (review recommended),,
エコナゾール硝酸塩,リチウム,中,リチウム中毒のリスク増加,PMDA catalog pair expansion (review recommended),,
エコナゾール硝酸塩,メトトレキサート,高,メトトレキサート中毒のリスク増加,PMDA catalog pair expansion (review recommended),,
アスピリン,エコナゾール硝酸塩,高,出血リスク増加・胃腸障害の悪化,PMDA catalog pair expansion (review recommended),,
ACE阻害薬,エコナゾール硝酸塩,中,腎機能障害のリスク増加,PMDA catalog pair expansion (review recommended),,
ARB,エコナゾール硝酸塩,高,出血リスクの大幅増加,PMDA catalog pair expansion (review recommended),,
エコナゾール硝酸塩,テオフィリン,中,テオフィリン中毒のリスク増加,PMDA catalog pair expansion (review recommended),,
エコナゾール硝酸塩,シクロスポリン,高,出血リスクの大幅増加,PMDA catalog pair expansion (review recommended),,
エコナゾール硝酸塩,フェニトイン,高,出血リスクの大幅増加,PMDA catalog pair expansion (review recommended),,
エコナゾール硝酸塩,カルバマゼピン,高,出血リスクの大幅増加,PMDA catalog pair expansion (review recommended),,
エコナゾール硝酸塩,ジゴキシン,中,ジゴキシン中毒のリスク増加,PMDA catalog pair expansion (review recommended),,
インスリン,エコナゾール硝酸塩,高,出血リスクの大幅増加,PMDA catalog pair expansion (review recommended),,
SSRI,エコナゾール硝酸塩,高,セロトニン症候群のリスク増加,PMDA catalog pair expansion (review recommended),,
MAO阻害薬,エコナゾール硝酸塩,高,重篤な血圧上昇・不整脈のリスク,PMDA catalog pair expansion (review recommended),,
エコナゾール硝酸塩,ベンゾジアゼピン系,高,出血リスクの大幅増加,PMDA catalog pair expansion (review recommended),,
エコナゾール硝酸塩,降圧薬,高,出血リスクの大幅増加,PMDA catalog pair expansion (review recommended),,
エコナゾール硝酸塩,クマリン系抗凝血薬,高,出血リスクの大幅増加,PMDA catalog pair expansion (review recommended),,
エコナゾール硝酸塩,タクロリムス,高,出血リスクの大幅増加,PMDA catalog pair expansion (review recommended),,
エコナゾール硝酸塩,シクロホスファミド,高,出血リスクの大幅増加,PMDA catalog pair expansion (review recommended),,
エコナゾール硝酸塩,フルコナゾール,高,出血リスクの大幅増加,PMDA catalog pair expansion (review recommended),,
エストラジオール,ワーファリン,高,出血リスクの大幅増加,PMDA catalog pair expansion (review recommended),,
エストラジオール,リチウム,中,リチウム中毒のリスク増加,PMDA catalog pair expansion (review recommended),,
エストラジオール,メトトレキサート,高,メトトレキサート中毒のリスク増加,PMDA catalog pair expansion (review recommended),,
アスピリン,エストラジオール,高,出血リスク増加・胃腸障害の悪化,PMDA catalog pair expansion (review recommended),,
ACE阻害薬,エストラジオール,中,腎機能障害のリスク増加,PMDA catalog pair expansion (review recommended),,
ARB,エストラジオール,高,出血リスクの大幅増加,PMDA catalog pair expansion (review recommended),,
エストラジオール,テオフィリン,中,テオフィリン中毒のリスク増加,PMDA catalog pair expansion (review recommended),,
エストラジオール,シクロスポリン,高,出血リスクの大幅増加,PMDA catalog pair expansion (review recommended),,
エストラジオール,フェニトイン,高,出血リスクの大幅増加,PMDA catalog pair expansion (review recommended),,
エストラジオール,カルバマゼピン,高,出血リスクの大幅増加,PMDA catalog pair expansion (review recommended),,
エストラジオール,ジゴキシン,中,ジゴキシン中毒のリスク増加,PMDA catalog pair expansion (review recommended),,
インスリン,エストラジオール,高,出血リスクの大幅増加,PMDA catalog pair expansion (review recommended),,
SSRI,エストラジオール,高,セロトニン症候群のリスク増加,PMDA catalog pair expansion (review recommended),,
MAO阻害薬,エストラジオール,高,重篤な血圧上昇・不整脈のリスク,PMDA catalog pair expansion (review recommended),,
エストラジオール,ベンゾジアゼピン系,高,出血リスクの大幅増加,PMDA catalog pair expansion (review recommended),,
エストラジオール,降圧薬,高,出血リスクの大幅増加,PMDA catalog pair expansion (review recommended),,
エストラジオール,クマリン系抗凝血薬,高,出血リスクの大幅増加,PMDA catalog pair expansion (review recommended),,
エストラジオール,タクロリムス,高,出血リスクの大幅増加,PMDA catalog pair expansion (review recommended),,
エストラジオール,シクロホスファミド,高,出血リスクの大幅増加,PMDA catalog pair expansion (review recommended),,
エストラジオール,フルコナゾール,高,出血リスクの大幅増加,PMDA catalog pair expansion (review recommended),,
エゾウコギ,ワーファリン,高,出血リスクの大幅増加,PMDA catalog pair expansion (review recommended),,
エゾウコギ,リチウム,中,リチウム中毒のリスク増加,PMDA catalog pair expansion (review recommended),,
エゾウコギ,メトトレキサート,高,メトトレキサート中毒のリスク増加,PMDA catalog pair expansion (review recommended),,
アスピリン,エゾウコギ,高,出血リスク増加・胃腸障害の悪化,PMDA catalog pair expansion (review recommended),,
ACE阻害薬,エゾウコギ,中,腎機能障害のリスク増加,PMDA catalog pair expansion (review recommended),,
ARB,エゾウコギ,高,出血リスクの大幅増加,PMDA catalog pair expansion (review recommended),,
エゾウコギ,テオフィリン,中,テオフィリン中毒のリスク増加,PMDA catalog pair expansion (review recommended),,
エゾウコギ,シクロスポリン,高,出血リスクの大幅増加,PMDA catalog pair expansion (review recommended),,
エゾウコギ,フェニトイン,高,出血リスクの大幅増加,PMDA catalog pair expansion (review recommended),,
エゾウコギ,カルバマゼピン,高,出血リスクの大幅増加,PMDA catalog pair expansion (review recommended),,
エゾウコギ,ジゴキシン,中,ジゴキシン中毒のリスク増加,PMDA catalog pair expansion (review recommended),,
インスリン,エゾウコギ,高,出血リスクの大幅増加,PMDA catalog pair expansion (review recommended),,
SSRI,エゾウコギ,高,セロトニン症候群のリスク増加,PMDA catalog pair expansion (review recommended),,
MAO阻害薬,エゾウコギ,高,重篤な血圧上昇・不整脈のリスク,PMDA catalog pair expansion (review recommended),,
エゾウコギ,ベンゾジアゼピン系,高,出血リスクの大幅増加,PMDA catalog pair expansion (review recommended),,
エゾウコギ,降圧薬,高,出血リスクの大幅増加,PMDA catalog pair expansion (review recommended),,
エゾウコギ,クマリン系抗凝血薬,高,出血リスクの大幅増加,PMDA catalog pair expansion (review recommended),,
エゾウコギ,タクロリムス,高,出血リスクの大幅増加,PMDA catalog pair expansion (review recommended),,
エゾウコギ,シクロホスファミド,高,出血リスクの大幅増加,PMDA catalog pair expansion (review recommended),,
エゾウコギ,フルコナゾール,高,出血リスクの大幅増加,PMDA catalog pair expansion (review recommended),,
エゾウコギエキス−S,ワーファリン,高,出血リスクの大幅増加,PMDA catalog pair expansion (review recommended),,
エゾウコギエキス−S,リチウム,中,リチウム中毒のリスク増加,PMDA catalog pair expansion (review recommended),,
エゾウコギエキス−S,メトトレキサート,高,メトトレキサート中毒のリスク増加,PMDA catalog pair expansion (review recommended),,
アスピリン,エゾウコギエキス−S,高,出血リスク増加・胃腸障害の悪化,PMDA catalog pair expansion (review recommended),,
ACE阻害薬,エゾウコギエキス−S,中,腎機能障害のリスク増加,PMDA catalog pair expansion (review recommended),,
ARB,エゾウコギエキス−S,高,出血リスクの大幅増加,PMDA catalog pair expansion (review recommended),,
エゾウコギエキス−S,テオフィリン,中,テオフィリン中毒のリスク増加,PMDA catalog pair expansion (review recommended),,
エゾウコギエキス−S,シクロスポリン,高,出血リスクの大幅増加,PMDA catalog pair expansion (review recommended),,
エゾウコギエキス−S,フェニトイン,高,出血リスクの大幅増加,PMDA catalog pair expansion (review recommended),,
エゾウコギエキス−S,カルバマゼピン,高,出血リスクの大幅増加,PMDA catalog pair expansion (review recommended),,
エゾウコギエキス−S,ジゴキシン,中,ジゴキシン中毒のリスク増加,PMDA catalog pair expansion (review recommended),,
インスリン,エゾウコギエキス−S,高,出血リスクの大幅増加,PMDA catalog pair expansion (review recommended),,
SSRI,エゾウコギエキス−S,高,セロトニン症候群のリスク増加,PMDA catalog pair expansion (review recommended),,
MAO阻害薬,エゾウコギエキス−S,高,重篤な血圧上昇・不整脈のリスク,PMDA catalog pair expansion (review recommended),,
エゾウコギエキス−S,ベンゾジアゼピン系,高,出血リスクの大幅増加,PMDA catalog pair expansion (review recommended),,
エゾウコギエキス−S,降圧薬,高,出血リスクの大幅増加,PMDA catalog pair expansion (review recommended),,
エゾウコギエキス−S,クマリン系抗凝血薬,高,出血リスクの大幅増加,PMDA catalog pair expansion (review recommended),,
エゾウコギエキス−S,タクロリムス,高,出血リスクの大幅増加,PMDA catalog pair expansion (review recommended),,
エゾウコギエキス−S,シクロホスファミド,高,出血リスクの大幅増加,PMDA catalog pair expansion (review recommended),,
エゾウコギエキス−S,フルコナゾール,高,出血リスクの大幅増加,PMDA catalog pair expansion (review recommended),,
ロキソプロフェン,ワーファリン,高,ること。副作用があらわれやすい。 10. 相互作用 10.2 併用注意(併用に注意すること) 薬剤名等 臨床症状・措置方法 機序・危険因子 クマリン系抗凝血剤 ワルファリン 抗凝血作用を増強するおそれがあるので注意し、必要があれば減量すること。 本剤のプロスタグランジン生合成抑制作用により血小板凝集が抑制され血液凝固能が低下し、抗凝血作用に相加されるためと考えられている。 第Xa因子阻害剤 エドキサバントシル酸塩水和物等 出血の危険性を増大させるおそれがある。 抗血栓作用を増,PMDA PackinsSearch,2026-07-24,
ロキソプロフェンナトリウム水和物,ワーファリン,高,ワーファリン等の抗凝血剤との併用により出血傾向を増強することがある。抗凝血剤の用量調節等、慎重に投与すること(添付文書 10.相互作用 併用注意)。,PMDA PackinsSearch,2026-07-24,
イブプロフェン,ワーファリン,高,ワーファリン等の抗凝血剤との併用により出血傾向を増強することがある。抗凝血剤の用量調節等、慎重に投与すること(添付文書 10.相互作用 併用注意)。,PMDA PackinsSearch,2026-07-24,
イブプロフェンピコノール,ワーファリン,高,ワーファリン等の抗凝血剤との併用により出血傾向を増強することがある。抗凝血剤の用量調節等、慎重に投与すること(添付文書 10.相互作用 併用注意)。,PMDA PackinsSearch,2026-07-24,
アスピリン,ワーファリン,高,用があらわれやすい。 10. 相互作用 10.2 併用注意(併用に注意すること) 薬剤名等 臨床症状・措置方法 機序・危険因子 抗凝固剤 クマリン系抗凝固剤 (ワルファリンカリウム) クマリン系抗凝固剤の作用を増強し、出血時間の延長、消化管出血等を起こすことがあるので、クマリン系抗凝固剤を減量するなど、慎重に投与すること。 本剤は血漿蛋白に結合したクマリン系抗凝固剤と置換し、遊離させる。 また、本剤は血小板凝集抑制作用、消化管刺激による出血作用を有する。 抗凝固剤 血液凝固阻,PMDA PackinsSearch,2026-07-24,
アスピリンアルミニウム,ワーファリン,高,抗凝血剤との併用により出血傾向を増強することがある。併用する場合は出血の徴候に注意し、慎重に投与すること(添付文書 10.相互作用 併用注意)。,PMDA PackinsSearch,2026-07-24,
ジクロフェナク,ワーファリン,高,ワーファリン等の抗凝血剤との併用により出血傾向を増強することがある。抗凝血剤の用量調節等、慎重に投与すること(添付文書 10.相互作用 併用注意)。,PMDA PackinsSearch,2026-07-24,
ジクロフェナクナトリウム,ワーファリン,高,ワーファリン等の抗凝血剤との併用により出血傾向を増強することがある。抗凝血剤の用量調節等、慎重に投与すること(添付文書 10.相互作用 併用注意)。,PMDA PackinsSearch,2026-07-24,
メフェナム酸,ワーファリン,高,血性貧血があらわれることがある。 10. 相互作用 10.2 併用注意(併用に注意すること) 薬剤名等 臨床症状・措置方法 機序・危険因子 クマリン系抗凝血剤 ワルファリン 抗凝血作用を増強することがあるので注意し、必要があれば減量すること。 次のような機序が考えられる。 ・ in vitro において、本剤がワルファリンをアルブミン結合部位から遊離置換させ、遊離の活性ワルファリンが増加するとの報告がある。 ・本剤のプロスタグランジン生合成抑制作用により血小板凝集が抑制され、,PMDA PackinsSearch,2026-07-24,
クマリン系抗凝血薬,ロキソプロフェン,高,しながら慎重に投与すること。副作用があらわれやすい。 10. 相互作用 10.2 併用注意(併用に注意すること) 薬剤名等 臨床症状・措置方法 機序・危険因子 クマリン系抗凝血剤 ワルファリン 抗凝血作用を増強するおそれがあるので注意し、必要があれば減量すること。 本剤のプロスタグランジン生合成抑制作用により血小板凝集が抑制され血液凝固能が低下し、抗凝血作用に相加されるためと考えられている。 第Xa因子阻害剤 エドキサバントシル酸塩水和物等 出血の危険性を増大させるおそれがあ,PMDA PackinsSearch,2026-07-24,
イブプロフェン,クマリン系抗凝血薬,高,クマリン系抗凝血薬等との併用により出血傾向を増強することがある。併用する場合は出血の徴候に注意し、慎重に投与すること(添付文書 10.相互作用 併用注意)。,PMDA PackinsSearch,2026-07-24,
イブプロフェン,リチウム,中,リチウムの血清中濃度が上昇し、リチウム中毒を起こすおそれがある。リチウムの血中濃度に注意すること(添付文書 10.相互作用 併用注意)。,PMDA PackinsSearch,2026-07-24,
リチウム,ロキソプロフェン,中,量すること。 機序は不明であるが、本剤の腎におけるプロスタグランジン生合成抑制作用により、これらの薬剤の腎排泄が減少し血中濃度が上昇するためと考えられている。 リチウム製剤 炭酸リチウム 血中リチウム濃度を上昇させ、リチウム中毒を起こすことがあるので血中のリチウム濃度に注意し、必要があれば減量すること。 機序は不明であるが、本剤の腎におけるプロスタグランジン生合成抑制作用により、これらの薬剤の腎排泄が減少し血中濃度が上昇するためと考えられている。 チアジド系利尿薬 ヒドロクロ,PMDA PackinsSearch,2026-07-24,
アスピリン,イブプロフェン,高,他の非ステロイド性消炎鎮痛剤との併用により、消化管障害・出血傾向が増強されるおそれがある(添付文書 10.相互作用 併用注意)。,PMDA PackinsSearch,2026-07-24,
アセトアミノフェン,ワーファリン,高,ル常飲によるCYP2E1の誘導により、アセトアミノフェンから肝毒性を持つ N -アセチル- p -ベンゾキノンイミンへの代謝が促進される。 クマリン系抗凝血剤 ワルファリンカリウム クマリン系抗凝血剤の作用を増強することがあるので、減量するなど慎重に投与すること。 本剤が血漿蛋白結合部位において競合することで、抗凝血剤を遊離させ、その抗凝血作用を増強させる。 カルバマゼピン フェノバルビタール フェニトイン プリミドン リファンピシン イソニアジド これらの薬剤の長期連用者は,PMDA PackinsSearch,2026-07-24,
アセトアミノフェン,アルコール,中,アルコール多量常飲者が本剤を服用すると、肝障害を起こすおそれがある(添付文書 10.相互作用 併用注意)。,PMDA PackinsSearch,2026-07-24,
アスピリン,メトトレキサート,高,起こすことがあるので糖尿病用剤を減量するなど、慎重に投与すること。 本剤は血漿蛋白に結合した糖尿病用剤を遊離させる。 また、本剤は大量で血糖降下作用を有する。 メトトレキサート メトトレキサートの副作用(骨髄抑制、肝・腎・消化器障害等)が増強されることがある。 本剤は血漿蛋白に結合したメトトレキサートと置換し、遊離させる。 また、本剤はメトトレキサートの腎排泄を阻害すると考えられている。 バルプロ酸ナトリウム バルプロ酸ナトリウムの作用を増強し、振戦等を起こすことがある。 本,PMDA PackinsSearch,2026-07-24,
SSRI,デキストロメトルファン,高,セロトニン再取り込み阻害作用を有する薬剤との併用により、セロトニン症候群があらわれるおそれがある(添付文書 10.相互作用 併用注意)。,PMDA PackinsSearch,2026-07-24,
MAO阻害薬,デキストロメトルファン,高,MAO阻害剤との併用により、高血圧クリーゼ、セロトニン症候群等の重篤な副作用があらわれるおそれがある(添付文書 10.相互作用 併用禁忌)。,PMDA PackinsSearch,2026-07-24,
エフェドリン,カフェイン,中,交感神経興奮作用を有する成分との併用により、動悸、不眠、血圧上昇等が増強されるおそれがある(添付文書 10.相互作用 併用注意)。,PMDA PackinsSearch,2026-07-24,
メトトレキサート,ロキソプロフェン,中,抗菌剤は、中枢神経系の抑制性神経伝達物質であるGABAの受容体への結合を阻害し、痙攣誘発作用を起こす。本剤の併用により阻害作用を増強するためと考えられている。 メトトレキサート 血中メトトレキサート濃度を上昇させ、作用を増強することがあるので、必要があれば減量すること。 機序は不明であるが、本剤の腎におけるプロスタグランジン生合成抑制作用により、これらの薬剤の腎排泄が減少し血中濃度が上昇するためと考えられている。 リチウム製剤 炭酸リチウム 血中リチウム濃度を上昇させ、リチウ,PMDA iyakuSearch,,
アスピリン,ロキソプロフェン,中,重篤な肝機能障害のある患者 2.4 重篤な腎機能障害のある患者 2.5 重篤な心機能不全のある患者 2.6 本剤の成分に対し過敏症の既往歴のある患者 2.7 アスピリン喘息(非ステロイド性消炎鎮痛剤等による喘息発作の誘発)又はその既往歴のある患者[アスピリン喘息発作を誘発することがある。] 2.8 妊娠後期の女性 3. 組成・性状 3.1 組成 ロキソニン錠60mg 有効成分 1錠中 ロキソプロフェンナトリウム水和物(日局)&nbsp;&nbsp; 68.1mg (無水物と,PMDA iyakuSearch,,
アスピリン,リチウム,中,サリチル酸中毒を起こすことが報告されている。 機序は不明である。併用時に、副腎皮質ホルモン剤を減量するとサリチル酸系製剤の血中濃度が増加したとの報告がある。 リチウム製剤 (炭酸リチウム) 類薬(インドメタシン等)でリチウム中毒を起こすことが報告されている。 類薬(インドメタシン等)は腎のプロスタグランジン生合成を抑制し、リチウムの腎排泄を低下させる。 チアジド系利尿剤 (ヒドロクロロチアジド) 類薬(インドメタシン等)でチアジド系利尿剤の作用を減弱させることが報告されてい,PMDA iyakuSearch,,
アスピリン,シクロスポリン,中,リセリンの作用を減弱させるおそれがある。 本剤がプロスタグランジン生合成を抑制することにより、ニトログリセリンの血管拡張作用を減弱させる。 タクロリムス水和物、シクロスポリン 腎機能障害が発現することがある。 腎機能障害の副作用が相互に増強されると考えられる。 プロスタグランジンD 2 、トロンボキサンA 2 受容体拮抗剤 (セラトロダスト、ラマトロバン) ヒト血漿蛋白結合に対する相互作用の検討( in vitro )において、本剤によりこれら薬剤の非結合型分率が上昇すること,PMDA iyakuSearch,,
アスピリン,フェニトイン,中,られている。 バルプロ酸ナトリウム バルプロ酸ナトリウムの作用を増強し、振戦等を起こすことがある。 本剤は血漿蛋白に結合したバルプロ酸ナトリウムを遊離させる。 フェニトイン 総フェニトイン濃度を低下させるが、非結合型フェニトイン濃度を低下させないとの報告があるので、総フェニトイン濃度に基づいて増量する際には臨床症状等を慎重に観察すること。 本剤は血漿蛋白に結合したフェニトインと置換し、遊離させる。 炭酸脱水酵素阻害剤 (アセタゾラミド等) これら薬剤の副作用を増強し、嗜眠、錯,PMDA iyakuSearch,,
アスピリン,インスリン,中,あるので、観察を十分に行い、注意すること。 本剤は血小板凝集抑制作用を有するため、これら薬剤との併用により出血傾向が増強されるおそれがある。 糖尿病用剤 (ヒトインスリン等) 糖尿病用剤の作用を増強し、低血糖を起こすことがあるので糖尿病用剤を減量するなど、慎重に投与すること。 本剤は血漿蛋白に結合した糖尿病用剤を遊離させる。 また、本剤は大量で血糖降下作用を有する。 メトトレキサート メトトレキサートの副作用(骨髄抑制、肝・腎・消化器障害等)が増強されることがある。 本剤は血,PMDA iyakuSearch,,
SSRI,アスピリン,中,"薬剤の非結合型分率が上昇することがある。 これら薬剤が本剤と血漿蛋白結合部位で置換し、遊離型血中濃度が上昇すると考えられる。 選択的セロトニン再取り込み阻害剤(SSRI) (フルボキサミンマレイン酸塩、塩酸セルトラリン等) 皮膚の異常出血(斑状出血、紫斑等)、出血症状(胃腸出血等)が報告されている。 SSRIの投与により血小板凝集が阻害され、本剤との併用により出血傾向が増強すると考えられる。 アルコール , 消化管出血が増強されるおそれがある。 アルコールによる胃粘膜障害と本",PMDA iyakuSearch,,
アスピリン,クマリン系抗凝血薬,中,重に投与すること。副作用があらわれやすい。 10. 相互作用 10.2 併用注意(併用に注意すること) 薬剤名等 臨床症状・措置方法 機序・危険因子 抗凝固剤 クマリン系抗凝固剤 (ワルファリンカリウム) クマリン系抗凝固剤の作用を増強し、出血時間の延長、消化管出血等を起こすことがあるので、クマリン系抗凝固剤を減量するなど、慎重に投与すること。 本剤は血漿蛋白に結合したクマリン系抗凝固剤と置換し、遊離させる。 また、本剤は血小板凝集抑制作用、消化管刺激による出血作用を有する。,PMDA iyakuSearch,,
アスピリン,タクロリムス,中,グリセリン ニトログリセリンの作用を減弱させるおそれがある。 本剤がプロスタグランジン生合成を抑制することにより、ニトログリセリンの血管拡張作用を減弱させる。 タクロリムス水和物、シクロスポリン 腎機能障害が発現することがある。 腎機能障害の副作用が相互に増強されると考えられる。 プロスタグランジンD 2 、トロンボキサンA 2 受容体拮抗剤 (セラトロダスト、ラマトロバン) ヒト血漿蛋白結合に対する相互作用の検討( in vitro )において、本剤によりこれら薬剤の非結合,PMDA iyakuSearch,,
アセトアミノフェン,リチウム,中,しながら慎重に投与すること。副作用があらわれやすい。 10. 相互作用 10.2 併用注意(併用に注意すること) 薬剤名等 臨床症状・措置方法 機序・危険因子 リチウム製剤 炭酸リチウム 他の非ステロイド性消炎鎮痛剤(インドメタシン、イブプロフェン等)で、リチウムとの併用によりリチウムの血中濃度が上昇し、リチウム中毒を呈したとの報告がある。 非ステロイド性消炎鎮痛剤は腎のプロスタグランジン合成を抑制することにより、炭酸リチウムの排泄が減少し、血中濃度が上昇すると考えられている,PMDA iyakuSearch,,
アスピリン,アセトアミノフェン,中,"から、特に総合感冒剤や解熱鎮痛剤等の配合剤を併用する場合は、アセトアミノフェンが含まれていないか確認し、含まれている場合は併用を避けること。 , 7.5 ** アスピリン喘息又はその既往歴のある患者に対する1回あたりの最大用量はアセトアミノフェンとして300mg以下とすること。 8. 重要な基本的注意 8.1 * 解熱鎮痛剤による治療は原因療法ではなく対症療法であることから原因療法があればこれを行うこと。 8.2 重篤な肝障害が発現するおそれがあるので、1日総量1500mgを",PMDA iyakuSearch,,
アセトアミノフェン,フェニトイン,中,るなど慎重に投与すること。 本剤が血漿蛋白結合部位において競合することで、抗凝血剤を遊離させ、その抗凝血作用を増強させる。 カルバマゼピン フェノバルビタール フェニトイン プリミドン リファンピシン イソニアジド これらの薬剤の長期連用者は、肝薬物代謝酵素が誘導され、肝障害を生じやすくなるとの報告がある。 これらの薬剤の代謝酵素誘導作用により、アセトアミノフェンから肝毒性を持つ N -アセチル- p -ベンゾキノンイミンへの代謝が促進される。 抗生物質 抗菌剤 過度の体温下,PMDA iyakuSearch,,
アセトアミノフェン,カルバマゼピン,中,作用を増強することがあるので、減量するなど慎重に投与すること。 本剤が血漿蛋白結合部位において競合することで、抗凝血剤を遊離させ、その抗凝血作用を増強させる。 カルバマゼピン フェノバルビタール フェニトイン プリミドン リファンピシン イソニアジド これらの薬剤の長期連用者は、肝薬物代謝酵素が誘導され、肝障害を生じやすくなるとの報告がある。 これらの薬剤の代謝酵素誘導作用により、アセトアミノフェンから肝毒性を持つ N -アセチル- p -ベンゾキノンイミンへの代謝が促進され,PMDA iyakuSearch,,
アセトアミノフェン,クマリン系抗凝血薬,中,告がある。 アルコール常飲によるCYP2E1の誘導により、アセトアミノフェンから肝毒性を持つ N -アセチル- p -ベンゾキノンイミンへの代謝が促進される。 クマリン系抗凝血剤 ワルファリンカリウム クマリン系抗凝血剤の作用を増強することがあるので、減量するなど慎重に投与すること。 本剤が血漿蛋白結合部位において競合することで、抗凝血剤を遊離させ、その抗凝血作用を増強させる。 カルバマゼピン フェノバルビタール フェニトイン プリミドン リファンピシン イソニアジド これら,PMDA iyakuSearch,,
アスピリン,ジクロフェナク,中,"。 , 2. 禁忌(次の患者には投与しないこと) 2.1 本剤の成分、ジクロフェナクナトリウム及びヒアルロン酸ナトリウムに対し過敏症の既往歴のある患者 2.2 アスピリン喘息(非ステロイド性消炎鎮痛剤等により誘発される喘息発作)又はその既往歴のある患者 3. 組成・性状 3.1 組成 ジョイクル関節注30mg 有効成分 1シリンジ(3mL)中にジクロフェナクエタルヒアルロン酸ナトリウム&nbsp;&nbsp; 30mgを含有する。 添加剤 マクロゴール400&nbsp;&nb",PMDA iyakuSearch,,
メフェナム酸,リチウム,中,り、出血が起こりやすくなる。 第Xa因子阻害剤 エドキサバントシル酸塩水和物等 出血の危険性を増大させるおそれがある。 抗血栓作用を増強するためと考えられる。 リチウム製剤 炭酸リチウム 血中リチウム濃度を上昇させ、リチウム中毒を起こすことがあるので血中のリチウム濃度に注意し、必要があれば減量すること。 本剤の腎におけるプロスタグランジン生合成抑制作用により、炭酸リチウムの腎排泄が減少し、血中濃度が上昇するためと考えられる。 チアジド系利尿剤 ヒドロクロロチアジド等 利尿・降,PMDA iyakuSearch,,
アスピリン,メフェナム酸,中,重篤な肝機能障害のある患者 2.4 重篤な腎機能障害のある患者 2.5 重篤な心機能不全のある患者 2.6 本剤の成分に対し過敏症の既往歴のある患者 2.7 アスピリン喘息(非ステロイド性消炎鎮痛剤等による喘息発作の誘発)又はその既往歴のある患者[気管支拡張作用を低下させ喘息発作を誘発することがある。] 2.8 重篤な高血圧症の患者[腎のプロスタグランジン生合成抑制により、水、ナトリウムの貯留が起こり、浮腫、血圧上昇を起こすおそれがある。] 2.9 過去に本剤により下痢を起,PMDA iyakuSearch,,
クマリン系抗凝血薬,メフェナム酸,中,た場合、自己免疫性溶血性貧血があらわれることがある。 10. 相互作用 10.2 併用注意(併用に注意すること) 薬剤名等 臨床症状・措置方法 機序・危険因子 クマリン系抗凝血剤 ワルファリン 抗凝血作用を増強することがあるので注意し、必要があれば減量すること。 次のような機序が考えられる。 ・ in vitro において、本剤がワルファリンをアルブミン結合部位から遊離置換させ、遊離の活性ワルファリンが増加するとの報告がある。 ・本剤のプロスタグランジン生合成抑制作用により血,PMDA iyakuSearch,,
ARB,リチウム,中,分類名 躁病・躁状態治療剤 承認等 炭酸リチウム錠100mg「フジナガ」 販売名コード YJコード 1179017F1072 販売名英語表記 LITHIUM CARBONATE TABLETS &ldquo;FUJINAGA&rdquo; 販売名ひらがな たんさんりちうむじょう100mg「ふじなが」 承認番号等 承認番号 22700AMX00112 販売開始年月 1994年8月 貯法・有効期間 貯法 室温保存 有効期間 3年 基準名 日本薬局方 * 炭酸リチウム錠 規制区分,PMDA iyakuSearch,,
カルバマゼピン,リチウム,中,"がある。 利尿剤がナトリウム排泄を促進することにより、腎におけるリチウムの再吸収が代償的に促進される可能性があるため、血清リチウム濃度が上昇すると考えられる。 カルバマゼピン 錯乱、粗大振戦、失見当識等を起こすとの報告がある。 機序は不明である。 向精神薬 〔ハロペリドール 等〕 , 心電図変化、重症の錐体外路症状、持続性のジスキネジア、突発性のSyndrome malin、非可逆性の脳障害を起こすとの報告がある。 機序は不明である。 アンジオテンシン変換酵素阻害剤 〔エナラ",PMDA iyakuSearch,,
